-- phpMyAdmin SQL Dump
-- version 5.2.1
-- https://www.phpmyadmin.net/
--
-- Host: localhost:3306
-- Erstellungszeit: 16. Feb 2024 um 16:56
-- Server-Version: 10.6.15-MariaDB
-- PHP-Version: 8.2.14

SET SQL_MODE = "NO_AUTO_VALUE_ON_ZERO";
START TRANSACTION;
SET time_zone = "+00:00";


/*!40101 SET @OLD_CHARACTER_SET_CLIENT=@@CHARACTER_SET_CLIENT */;
/*!40101 SET @OLD_CHARACTER_SET_RESULTS=@@CHARACTER_SET_RESULTS */;
/*!40101 SET @OLD_COLLATION_CONNECTION=@@COLLATION_CONNECTION */;
/*!40101 SET NAMES utf8mb4 */;

--
-- Datenbank: `terramo_data`
--

DELIMITER $$
--
-- Prozeduren
--
CREATE DEFINER=`ter_data_001`@`%` PROCEDURE `DeleteQuestionaire` (IN `questionaire_id` INT UNSIGNED)   BEGIN
    -- Declare an exit handler for SQLEXCEPTION
    DECLARE EXIT HANDLER FOR SQLEXCEPTION
    BEGIN
        -- Rollback the transaction in case of an error
        ROLLBACK;
    END;

    -- Start a new transaction
    START TRANSACTION;

    -- Delete all answers related to the questionaire
    DELETE FROM ESG_QUESTIONAIRE_ANSWERS WHERE ESG_QUESTIONAIRE_ID = questionaire_id;

    -- Now delete the questionaire itself
    DELETE FROM ESG_QUESTIONAIRES WHERE ESG_QUESTIONAIRE_ID = questionaire_id;

    -- Commit the transaction
    COMMIT;
END$$

DELIMITER ;

-- --------------------------------------------------------

--
-- Tabellenstruktur für Tabelle `COUNTRIES`
--

CREATE TABLE `COUNTRIES` (
  `COUNTRY_ID` int(10) UNSIGNED NOT NULL,
  `COUNTRY_NAME` varchar(255) DEFAULT NULL,
  `COUNTRY_ISO_CODE` varchar(3) DEFAULT NULL,
  `COUNTRY_CREATED` datetime NOT NULL DEFAULT current_timestamp(),
  `COUNTRY_UPDATED` datetime DEFAULT NULL ON UPDATE current_timestamp(),
  `COUNTRY_CREATED_BY` int(11) NOT NULL,
  `COUNTRY_UPDATED_BY` int(11) DEFAULT NULL
) ENGINE=InnoDB DEFAULT CHARSET=utf8mb3 COLLATE=utf8mb3_general_ci COMMENT='base table holding available country names & iso codes';

--
-- Daten für Tabelle `COUNTRIES`
--

INSERT INTO `COUNTRIES` (`COUNTRY_ID`, `COUNTRY_NAME`, `COUNTRY_ISO_CODE`, `COUNTRY_CREATED`, `COUNTRY_UPDATED`, `COUNTRY_CREATED_BY`, `COUNTRY_UPDATED_BY`) VALUES
(1, 'Switzerland', 'ch', '2023-12-04 22:45:06', NULL, 1, NULL),
(2, 'Austria', 'at', '2023-12-04 22:45:06', NULL, 1, NULL),
(3, 'Germany', 'de', '2023-12-04 22:45:13', NULL, 1, NULL),
(4, 'Liechtenstein', 'li', '2023-12-04 22:45:13', NULL, 1, NULL),
(5, 'France', 'fr', '2023-12-04 22:45:13', NULL, 1, NULL),
(6, 'Italy', 'it', '2023-12-04 22:45:13', NULL, 1, NULL),
(7, 'Great Britain', 'en', '2023-12-04 22:45:13', NULL, 1, NULL),
(8, 'Spain', 'de', '2023-12-04 22:45:13', NULL, 1, NULL),
(9, 'Schweiz', 'ch', '2024-01-23 08:30:23', NULL, 1, NULL),
(10, 'Österreich', 'at', '2024-01-23 08:30:23', NULL, 1, NULL),
(11, 'Deutschland', 'de', '2024-01-23 08:30:23', NULL, 1, NULL),
(12, 'Liechtenstein', 'li', '2024-01-23 08:30:23', NULL, 1, NULL),
(13, 'Frankreich', 'fr', '2024-01-23 08:30:23', NULL, 1, NULL),
(14, 'Italien', 'it', '2024-01-23 08:30:23', NULL, 1, NULL),
(15, 'Großbritannien', 'en', '2024-01-23 08:30:23', NULL, 1, NULL),
(16, 'Spanien', 'de', '2024-01-23 08:30:23', NULL, 1, NULL);

-- --------------------------------------------------------

--
-- Tabellenstruktur für Tabelle `ESG_MEASURES`
--

CREATE TABLE `ESG_MEASURES` (
  `ESG_MEASURE_ID` int(10) UNSIGNED NOT NULL,
  `ESG_MEASURE_PARENT_ID` int(10) UNSIGNED DEFAULT NULL,
  `ESG_MEASURE_KEY` varchar(20) NOT NULL,
  `ESG_MEASURE_STATUS` tinyint(1) DEFAULT NULL,
  `ESG_MEASURE_CREATED` datetime NOT NULL DEFAULT current_timestamp(),
  `ESG_MEASURE_UPDATED` datetime DEFAULT NULL ON UPDATE current_timestamp(),
  `ESG_MEASURE_CREATED_BY` int(11) NOT NULL,
  `ESG_MEASURE_UPDATED_BY` int(11) DEFAULT NULL
) ENGINE=InnoDB DEFAULT CHARSET=utf8mb3 COLLATE=utf8mb3_general_ci COMMENT='listing all ESG questions / topics';

--
-- Daten für Tabelle `ESG_MEASURES`
--

INSERT INTO `ESG_MEASURES` (`ESG_MEASURE_ID`, `ESG_MEASURE_PARENT_ID`, `ESG_MEASURE_KEY`, `ESG_MEASURE_STATUS`, `ESG_MEASURE_CREATED`, `ESG_MEASURE_UPDATED`, `ESG_MEASURE_CREATED_BY`, `ESG_MEASURE_UPDATED_BY`) VALUES
(1, NULL, '', 1, '2023-12-04 23:17:09', NULL, 1, NULL),
(2, NULL, '', 1, '2023-12-04 23:18:00', NULL, 1, NULL),
(3, NULL, '', 1, '2023-12-04 23:18:08', NULL, 1, NULL),
(4, 1, 'E-1', 1, '2023-12-04 23:19:27', NULL, 1, NULL),
(5, 1, 'E-2', 1, '2023-12-04 23:20:14', NULL, 1, NULL),
(6, 1, 'E-3', 1, '2023-12-04 23:20:14', NULL, 1, NULL),
(7, 1, 'E-4', 1, '2023-12-04 23:20:14', NULL, 1, NULL),
(8, 1, 'E-5', 1, '2023-12-04 23:20:14', NULL, 1, NULL),
(9, 1, 'E-6', 1, '2023-12-04 23:20:14', NULL, 1, NULL),
(10, 1, 'E-7', 1, '2023-12-04 23:20:14', NULL, 1, NULL),
(11, 1, 'E-8', 1, '2023-12-04 23:20:14', NULL, 1, NULL),
(12, 1, 'E-9', 1, '2023-12-04 23:20:14', NULL, 1, NULL),
(13, 1, 'E-10', 1, '2023-12-04 23:20:14', NULL, 1, NULL),
(14, 1, 'E-11', 1, '2023-12-04 23:20:14', NULL, 1, NULL),
(15, 1, 'E-12', 1, '2023-12-04 23:20:14', NULL, 1, NULL),
(16, 1, 'E-13', 1, '2023-12-04 23:20:14', NULL, 1, NULL),
(17, 1, 'E-14', 1, '2023-12-04 23:20:14', NULL, 1, NULL),
(18, 1, 'E-15', 1, '2023-12-04 23:25:09', '2023-12-04 23:26:29', 1, NULL),
(19, 2, 'S-1', 1, '2023-12-04 23:26:20', NULL, 1, NULL),
(20, 2, 'S-2', 1, '2023-12-04 23:26:43', NULL, 1, NULL),
(21, 2, 'S-3', 1, '2023-12-04 23:27:10', NULL, 1, NULL),
(22, 2, 'S-4', 1, '2023-12-04 23:27:10', NULL, 1, NULL),
(23, 2, 'S-5', 1, '2023-12-04 23:27:10', NULL, 1, NULL),
(24, 2, 'S-6', 1, '2023-12-04 23:27:10', NULL, 1, NULL),
(25, 2, 'S-7', 1, '2023-12-04 23:27:10', NULL, 1, NULL),
(26, 3, 'G-1', 1, '2023-12-04 23:28:47', NULL, 1, NULL),
(27, 3, 'G-2', 1, '2023-12-04 23:28:47', NULL, 1, NULL),
(28, 3, 'G-3', 1, '2023-12-04 23:28:47', NULL, 1, NULL),
(29, 3, 'G-4', 1, '2023-12-04 23:28:47', NULL, 1, NULL),
(30, 3, 'G-5', 1, '2023-12-04 23:28:47', NULL, 1, NULL),
(31, 3, 'G-6', 1, '2023-12-04 23:28:47', NULL, 1, NULL),
(32, 3, 'G-7', 1, '2023-12-04 23:28:47', NULL, 1, NULL),
(33, 3, 'G-8', 1, '2023-12-04 23:28:47', NULL, 1, NULL);

-- --------------------------------------------------------

--
-- Tabellenstruktur für Tabelle `ESG_MEASURE_DESCRIPTIONS`
--

CREATE TABLE `ESG_MEASURE_DESCRIPTIONS` (
  `ESG_MEASURE_DESCRIPTION_ID` int(10) UNSIGNED NOT NULL,
  `ESG_MEASURE_ID` int(10) UNSIGNED NOT NULL,
  `ESG_MEASURE_DESCRIPTION` varchar(255) NOT NULL,
  `ESG_MEASURE_DESCRIPTION_TOPIC` tinyint(1) DEFAULT NULL,
  `ESG_MEASURE_DESCRIPTION_ANSWERS` text DEFAULT NULL,
  `ESG_MEASURE_DESCRIPTION_COUNTRY_ISO` varchar(2) NOT NULL,
  `ESG_MEASURE_DESCRIPTION_CREATED` datetime NOT NULL DEFAULT current_timestamp(),
  `ESG_MEASURE_DESCRIPTION_UPDATED` datetime DEFAULT NULL ON UPDATE current_timestamp(),
  `ESG_MEASURE_DESCRIPTION_CREATED_BY` int(11) NOT NULL,
  `ESG_MEASURE_DESCRIPTION_UPDATED_BY` int(11) DEFAULT NULL
) ENGINE=InnoDB DEFAULT CHARSET=utf8mb3 COLLATE=utf8mb3_general_ci COMMENT='detail data / descriptions for ESG measures in questionaires and topic lists';

--
-- Daten für Tabelle `ESG_MEASURE_DESCRIPTIONS`
--

INSERT INTO `ESG_MEASURE_DESCRIPTIONS` (`ESG_MEASURE_DESCRIPTION_ID`, `ESG_MEASURE_ID`, `ESG_MEASURE_DESCRIPTION`, `ESG_MEASURE_DESCRIPTION_TOPIC`, `ESG_MEASURE_DESCRIPTION_ANSWERS`, `ESG_MEASURE_DESCRIPTION_COUNTRY_ISO`, `ESG_MEASURE_DESCRIPTION_CREATED`, `ESG_MEASURE_DESCRIPTION_UPDATED`, `ESG_MEASURE_DESCRIPTION_CREATED_BY`, `ESG_MEASURE_DESCRIPTION_UPDATED_BY`) VALUES
(1, 1, 'Possible measures in the area of environment', 1, NULL, 'EN', '2023-12-04 23:18:52', NULL, 1, NULL),
(2, 2, 'Possible measures in the area of society', 1, NULL, 'EN', '2023-12-04 23:18:52', NULL, 1, NULL),
(3, 3, 'Possible measures in the area of corporate governance', 1, NULL, 'EN', '2023-12-04 23:19:08', NULL, 1, NULL),
(4, 4, 'Save electricity or use it more efficiently', 0, NULL, 'EN', '2023-12-04 23:20:42', NULL, 1, NULL),
(5, 5, 'Increase share of electricity from renewable sources', 0, NULL, 'EN', '2023-12-04 23:25:12', NULL, 1, NULL),
(6, 6, 'Reduce share of fossil fuels', 0, NULL, 'EN', '2023-12-04 23:25:12', NULL, 1, NULL),
(7, 7, 'Switch to low-emission vehicles in the vehicle fleet and in logistics', 0, NULL, 'EN', '2023-12-04 23:25:12', NULL, 1, NULL),
(8, 8, 'Offer products and solutions that allow customers to act more sustainably', 0, NULL, 'EN', '2023-12-04 23:25:12', NULL, 1, NULL),
(9, 9, 'Use water more efficiently, reduce wastewater', 0, NULL, 'EN', '2023-12-04 23:25:12', NULL, 1, NULL),
(10, 10, 'Reduce waste and hazardous waste', 0, NULL, 'EN', '2023-12-04 23:25:12', NULL, 1, NULL),
(11, 11, 'Integrate circular economy principles in product development', 0, NULL, 'EN', '2023-12-04 23:25:12', NULL, 1, NULL),
(12, 12, 'Switch to environmentally friendly (or friendlier) consumables', 0, NULL, 'EN', '2023-12-04 23:25:12', NULL, 1, NULL),
(13, 13, 'Train employees to act and work sustainably', 0, NULL, 'EN', '2023-12-04 23:25:12', NULL, 1, NULL),
(14, 14, 'Introduce ISO14001', 0, NULL, 'EN', '2023-12-04 23:25:12', NULL, 1, NULL),
(15, 15, 'Build / renovate according to Minergie standard', 0, NULL, 'EN', '2023-12-04 23:25:12', NULL, 1, NULL),
(16, 16, 'Introduce mobility plan for employees', 0, NULL, 'EN', '2023-12-04 23:25:12', NULL, 1, NULL),
(17, 17, 'Introduce energy management to monitor and control energy consumption (ISO50001)', 0, NULL, 'EN', '2023-12-04 23:25:12', NULL, 1, NULL),
(18, 18, 'Making a positive difference with innovative solutions', 0, NULL, 'EN', '2023-12-04 23:25:12', NULL, 1, NULL),
(19, 19, 'Implement gender balance in management (at least 1/3 each)', 0, NULL, 'EN', '2023-12-04 23:28:12', NULL, 1, NULL),
(20, 20, 'Conduct regular employee surveys, define goals', 0, NULL, 'EN', '2023-12-04 23:28:12', NULL, 1, NULL),
(21, 21, 'Improve training and development opportunities for employees', 0, NULL, 'EN', '2023-12-04 23:28:12', NULL, 1, NULL),
(22, 22, 'Train apprentices and measure and compare training quality', 0, NULL, 'EN', '2023-12-04 23:28:12', NULL, 1, NULL),
(23, 23, 'Set goals for workplace safety', 0, NULL, 'EN', '2023-12-04 23:28:12', NULL, 1, NULL),
(24, 24, 'Set goals for community involvement', 0, NULL, 'EN', '2023-12-04 23:28:12', NULL, 1, NULL),
(25, 25, 'Increase cooperation with suppliers with a high sense of sustainable responsibility', 0, NULL, 'EN', '2023-12-04 23:28:12', NULL, 1, NULL),
(26, 26, 'Establish clear corporate structure (substitution rules, separation of CEO/VRP, etc.)', 0, NULL, 'EN', '2023-12-04 23:30:53', NULL, 1, NULL),
(27, 27, 'Align corporate goals and strategies with ESG principles', 0, NULL, 'EN', '2023-12-04 23:30:53', NULL, 1, NULL),
(28, 28, 'Introduce ESG reporting and communicate openly with stakeholders', 0, NULL, 'EN', '2023-12-04 23:30:53', NULL, 1, NULL),
(29, 29, 'IT: implement data protection policy, invest in cybersecurity', 0, NULL, 'EN', '2023-12-04 23:30:53', NULL, 1, NULL),
(30, 30, 'Develop corruption policy', 0, NULL, 'EN', '2023-12-04 23:30:53', NULL, 1, NULL),
(31, 31, 'Establish code of conduct for suppliers', 0, NULL, 'EN', '2023-12-04 23:30:53', NULL, 1, NULL),
(32, 32, 'Establish an effective risk management system', 0, NULL, 'EN', '2023-12-04 23:30:53', NULL, 1, NULL),
(33, 33, 'Establish body to monitor compliance with ESG-relevant laws and guidelines', 0, NULL, 'EN', '2023-12-04 23:30:53', NULL, 1, NULL),
(34, 1, 'Mögliche Massnahmen im Bereich Umwelt', 1, NULL, 'DE', '2024-01-11 20:34:20', NULL, 0, NULL),
(35, 2, 'Mögliche Massnahmen im Bereich Gesellschaft', 1, NULL, 'DE', '2024-01-11 20:34:20', NULL, 0, NULL),
(36, 1, 'Mögliche Massnahmen im Bereich Umwelt', 1, NULL, 'DE', '2024-01-11 20:34:42', NULL, 0, NULL),
(37, 2, 'Mögliche Massnahmen im Bereich Gesellschaft', 1, NULL, 'DE', '2024-01-11 20:34:42', NULL, 0, NULL),
(38, 3, 'Mögliche Massnahmen im Bereich Wirtschaft', 1, NULL, 'DE', '2024-01-11 20:35:09', NULL, 0, NULL),
(39, 1, 'Mögliche Massnahmen im Bereich Umwelt', 1, NULL, 'DE', '2024-01-23 09:21:38', NULL, 1, NULL),
(40, 2, 'Mögliche Massnahmen im Bereich Gesellschaft', 1, NULL, 'DE', '2024-01-23 09:21:38', NULL, 1, NULL),
(41, 3, 'Mögliche Massnahmen im Bereich Wirtschaft', 1, NULL, 'DE', '2024-01-23 09:21:38', NULL, 1, NULL),
(42, 4, 'Strom sparen bzw. effizienter nutzen', 0, NULL, 'DE', '2024-01-23 09:21:38', NULL, 1, NULL),
(43, 5, 'Stromanteil aus erneuerbaren Quellen steigern', 0, NULL, 'DE', '2024-01-23 09:21:38', NULL, 1, NULL),
(44, 6, 'Anteil fossiler Brennstoffe reduzieren', 0, NULL, 'DE', '2024-01-23 09:21:38', NULL, 1, NULL),
(45, 7, 'Auf emissionsarme Fahrzeuge im Fuhrpark und in der Logistik umstellen', 0, NULL, 'DE', '2024-01-23 09:21:38', NULL, 1, NULL),
(46, 8, 'Produkte und Lösungen anbieten, welche es den Kunden erlauben, nachhaltiger zu handeln', 0, NULL, 'DE', '2024-01-23 09:21:38', NULL, 1, NULL),
(47, 9, 'Wasser effizienter nutzen, Abwasser reduzieren', 0, NULL, 'DE', '2024-01-23 09:21:38', NULL, 1, NULL),
(48, 10, 'Abfälle und Sonderabfälle reduzieren', 0, NULL, 'DE', '2024-01-23 09:21:38', NULL, 1, NULL),
(49, 11, 'Kreislaufwirtschaftsprinzipien in der Produktentwicklung integrieren', 0, NULL, 'DE', '2024-01-23 09:21:38', NULL, 1, NULL),
(50, 12, 'Auf umweltfreundliche(re) Verbrauchsmaterialen umstellen', 0, NULL, 'DE', '2024-01-23 09:21:38', NULL, 1, NULL),
(51, 13, 'Mitarbeiter für nachhaltiges Handeln und Arbeiten schulen', 0, NULL, 'DE', '2024-01-23 09:21:38', NULL, 1, NULL),
(52, 14, 'Umweltmanagementsystem einführen (ISO14001)', 0, NULL, 'DE', '2024-01-23 09:21:38', NULL, 1, NULL),
(53, 15, 'Nach Minergie-Standard bauen / sanieren', 0, NULL, 'DE', '2024-01-23 09:21:38', NULL, 1, NULL),
(54, 16, 'Mobilitätsplan für MA einführen', 0, NULL, 'DE', '2024-01-23 09:21:38', NULL, 1, NULL),
(55, 17, 'Energiemanagement zur Überwachung und Steuerung des Energieverbrauchs einführen (ISO50001)', 0, NULL, 'DE', '2024-01-23 09:21:38', NULL, 1, NULL),
(56, 18, 'Mit innovativen Lösungen eine positive Veränderung bewirken', 0, NULL, 'DE', '2024-01-23 09:21:38', NULL, 1, NULL),
(57, 19, 'Ausgewogene Geschlechterverteilung im Management umsetzen (mind. je 1/3)', 0, NULL, 'DE', '2024-01-23 09:21:38', NULL, 1, NULL),
(58, 20, 'Regelmässig Mitarbeiterbefragungen durchführen, Ziele definieren', 0, NULL, 'DE', '2024-01-23 09:21:38', NULL, 1, NULL),
(59, 21, 'Aus- und Weiterbildungsmöglichkeiten für Mitarbeitende verbessern', 0, NULL, 'DE', '2024-01-23 09:21:38', NULL, 1, NULL),
(60, 22, 'Lernende ausbilden und Ausbildungsqualität messen und vergleichen', 0, NULL, 'DE', '2024-01-23 09:21:38', NULL, 1, NULL),
(61, 23, 'Ziele für die Sicherheit am Arbeitsplatz festlegen', 0, NULL, 'DE', '2024-01-23 09:21:38', NULL, 1, NULL),
(62, 24, 'Ziele für das gesellschaftliche Engagement in der Gemeinschaft festlegen', 0, NULL, 'DE', '2024-01-23 09:21:38', NULL, 1, NULL),
(63, 25, 'Vermehrt mit Lieferanten mit hohem nachhaltigen Verantwortungsbewusstsein zusammenarbeiten', 0, NULL, 'DE', '2024-01-23 09:21:38', NULL, 1, NULL),
(64, 26, 'Klare Unternehmensstruktur etablieren (Stellvertreterregelungen, Trennung CEO/VRP, etc.)', 0, NULL, 'DE', '2024-01-23 09:21:38', NULL, 1, NULL),
(65, 27, 'Unternehmensziele und -strategien mit den ESG-Prinzipien im Einklang bringen', 0, NULL, 'DE', '2024-01-23 09:21:38', NULL, 1, NULL),
(66, 28, 'ESG Berichterstattung einführen und offen gegenüber Stakeholdern kommunizieren', 0, NULL, 'DE', '2024-01-23 09:21:38', NULL, 1, NULL),
(67, 29, 'IT: Datenschutzrichtlinie umsetzen, Investition in Cybersicherheit', 0, NULL, 'DE', '2024-01-23 09:21:38', NULL, 1, NULL),
(68, 30, 'Korruptionsrichtlinie erstellen', 0, NULL, 'DE', '2024-01-23 09:21:38', NULL, 1, NULL),
(69, 31, 'Verhaltenskodex für Lieferanten erstellen', 0, NULL, 'DE', '2024-01-23 09:21:38', NULL, 1, NULL),
(70, 32, 'Effektives Risikomanagementsystems einrichten', 0, NULL, 'DE', '2024-01-23 09:21:38', NULL, 1, NULL),
(71, 33, 'Gremium zur Überwachung der Einhaltung von ESG-relevanten Gesetzen und Richtlinien einsetzen', 0, NULL, 'DE', '2024-01-23 09:21:38', NULL, 1, NULL);

-- --------------------------------------------------------

--
-- Tabellenstruktur für Tabelle `ESG_QUESTIONAIRES`
--

CREATE TABLE `ESG_QUESTIONAIRES` (
  `ESG_QUESTIONAIRE_ID` int(10) UNSIGNED NOT NULL,
  `QUESTIONAIRE_TYPE` varchar(255) DEFAULT NULL,
  `PERSON_ID` int(10) UNSIGNED NOT NULL,
  `ORGANISATION_ID` int(10) UNSIGNED NOT NULL,
  `QUESTIONAIRE_COMMENT` text DEFAULT NULL,
  `QUESTIONAIRE_DATE` date DEFAULT NULL,
  `ESG_QUESTIONAIRE_ANSWER_CREATED` datetime NOT NULL DEFAULT current_timestamp(),
  `ESG_QUESTIONAIRE_ANSWER_UPDATED` datetime DEFAULT NULL ON UPDATE current_timestamp(),
  `ESG_QUESTIONAIRE_ANSWER_CREATED_BY` int(11) NOT NULL,
  `ESG_QUESTIONAIRE_ANSWER_UPDATED_BY` int(11) DEFAULT NULL
) ENGINE=InnoDB DEFAULT CHARSET=utf8mb3 COLLATE=utf8mb3_general_ci COMMENT='detail data / descriptions for ESG measures in questionaires and topic lists';

--
-- Daten für Tabelle `ESG_QUESTIONAIRES`
--

INSERT INTO `ESG_QUESTIONAIRES` (`ESG_QUESTIONAIRE_ID`, `QUESTIONAIRE_TYPE`, `PERSON_ID`, `ORGANISATION_ID`, `QUESTIONAIRE_COMMENT`, `QUESTIONAIRE_DATE`, `ESG_QUESTIONAIRE_ANSWER_CREATED`, `ESG_QUESTIONAIRE_ANSWER_UPDATED`, `ESG_QUESTIONAIRE_ANSWER_CREATED_BY`, `ESG_QUESTIONAIRE_ANSWER_UPDATED_BY`) VALUES
(8, 'company_perspective', 3, 3, NULL, '2023-09-14', '2024-01-10 17:59:38', NULL, 1, NULL),
(12, 'company_perspective', 4, 3, NULL, '2023-09-14', '2024-01-11 20:39:13', NULL, 1, NULL),
(13, 'stakeholder_perspective', 4, 3, NULL, '2023-09-14', '2024-01-11 20:39:39', NULL, 1, NULL),
(14, 'company_perspective', 3, 3, NULL, '2023-09-14', '2024-01-11 21:28:47', NULL, 1, NULL),
(15, 'stakeholder_perspective', 3, 3, NULL, '2023-09-14', '2024-01-11 21:28:49', NULL, 1, NULL),
(16, 'company_perspective', 5, 3, NULL, '2023-09-14', '2024-01-11 21:28:54', NULL, 1, NULL),
(17, 'stakeholder_perspective', 5, 3, NULL, '2023-09-14', '2024-01-11 21:28:55', NULL, 1, NULL),
(18, 'company_perspective', 6, 3, NULL, '2023-09-14', '2024-01-11 21:29:00', NULL, 1, NULL),
(19, 'stakeholder_perspective', 6, 3, NULL, '2023-09-14', '2024-01-11 21:29:02', NULL, 1, NULL),
(23, 'company_perspective', 4, 3, NULL, '2023-09-14', '2024-01-11 21:29:15', NULL, 1, NULL),
(24, 'stakeholder_perspective', 4, 3, NULL, '2023-09-14', '2024-01-11 21:29:16', NULL, 1, NULL),
(25, 'company_perspective', 7, 4, NULL, '2023-07-07', '2024-01-15 17:06:32', NULL, 1, NULL),
(26, 'stakeholder_perspective', 7, 4, NULL, '2023-07-07', '2024-01-15 17:06:33', NULL, 1, NULL),
(27, 'company_perspective', 8, 4, NULL, '2023-07-07', '2024-01-15 17:06:38', NULL, 1, NULL),
(28, 'stakeholder_perspective', 8, 4, NULL, '2023-07-07', '2024-01-15 17:06:39', NULL, 1, NULL),
(29, 'company_perspective', 9, 4, NULL, '2023-07-07', '2024-01-15 17:06:44', NULL, 1, NULL),
(30, 'stakeholder_perspective', 9, 4, NULL, '2023-07-07', '2024-01-15 17:06:46', NULL, 1, NULL),
(31, 'company_perspective', 10, 4, NULL, '2023-07-07', '2024-01-15 17:06:51', NULL, 1, NULL),
(32, 'stakeholder_perspective', 10, 4, NULL, '2023-07-07', '2024-01-15 17:06:52', NULL, 1, NULL),
(33, 'company_perspective', 11, 4, NULL, '2023-07-07', '2024-01-15 17:13:31', NULL, 1, NULL),
(34, 'stakeholder_perspective', 11, 4, NULL, '2023-07-07', '2024-01-15 17:13:33', NULL, 1, NULL),
(35, 'stakeholder_perspective', 12, 4, NULL, '2023-11-24', '2024-01-16 11:06:26', NULL, 1, NULL),
(36, 'stakeholder_perspective', 12, 4, NULL, '2023-11-24', '2024-01-16 11:10:20', NULL, 1, NULL),
(37, 'stakeholder_perspective', 12, 4, NULL, '2023-11-24', '2024-01-24 15:08:56', NULL, 1, NULL);

-- --------------------------------------------------------

--
-- Tabellenstruktur für Tabelle `ESG_QUESTIONAIRE_ANSWERS`
--

CREATE TABLE `ESG_QUESTIONAIRE_ANSWERS` (
  `ESG_QUESTIONAIRE_ANSWER_ID` int(10) UNSIGNED NOT NULL,
  `ESG_QUESTIONAIRE_ID` int(10) UNSIGNED NOT NULL,
  `ESG_MEASURE_ID` int(10) UNSIGNED NOT NULL,
  `STAKEHOLDER_ID` int(10) UNSIGNED NOT NULL,
  `ESG_QUESTIONAIRE_ANSWER_PRIORITY` int(11) DEFAULT NULL,
  `ESG_QUESTIONAIRE_ANSWER_STATUS` int(11) DEFAULT NULL,
  `ESG_QUESTIONAIRE_ANSWER_COMMENTS` text DEFAULT NULL,
  `ESG_QUESTIONAIRE_ANSWER_COUNTRY_ISO` varchar(2) NOT NULL,
  `ESG_QUESTIONAIRE_ANSWER_CREATED` datetime NOT NULL DEFAULT current_timestamp(),
  `ESG_QUESTIONAIRE_ANSWER_UPDATED` datetime DEFAULT NULL ON UPDATE current_timestamp(),
  `ESG_QUESTIONAIRE_ANSWER_CREATED_BY` int(11) NOT NULL,
  `ESG_QUESTIONAIRE_ANSWER_UPDATED_BY` int(11) DEFAULT NULL
) ENGINE=InnoDB DEFAULT CHARSET=utf8mb3 COLLATE=utf8mb3_general_ci COMMENT='detail data / descriptions for ESG measures in questionaires and topic lists';

--
-- Daten für Tabelle `ESG_QUESTIONAIRE_ANSWERS`
--

INSERT INTO `ESG_QUESTIONAIRE_ANSWERS` (`ESG_QUESTIONAIRE_ANSWER_ID`, `ESG_QUESTIONAIRE_ID`, `ESG_MEASURE_ID`, `STAKEHOLDER_ID`, `ESG_QUESTIONAIRE_ANSWER_PRIORITY`, `ESG_QUESTIONAIRE_ANSWER_STATUS`, `ESG_QUESTIONAIRE_ANSWER_COMMENTS`, `ESG_QUESTIONAIRE_ANSWER_COUNTRY_ISO`, `ESG_QUESTIONAIRE_ANSWER_CREATED`, `ESG_QUESTIONAIRE_ANSWER_UPDATED`, `ESG_QUESTIONAIRE_ANSWER_CREATED_BY`, `ESG_QUESTIONAIRE_ANSWER_UPDATED_BY`) VALUES
(841, 12, 4, 8, 2, 3, NULL, 'li', '2024-01-11 20:39:14', NULL, 1, NULL),
(842, 12, 5, 8, 2, 3, NULL, 'li', '2024-01-11 20:39:15', NULL, 1, NULL),
(843, 12, 6, 8, 2, 1, NULL, 'li', '2024-01-11 20:39:16', NULL, 1, NULL),
(844, 12, 7, 8, 2, 1, NULL, 'li', '2024-01-11 20:39:16', NULL, 1, NULL),
(845, 12, 8, 8, 2, 2, NULL, 'li', '2024-01-11 20:39:17', NULL, 1, NULL),
(846, 12, 9, 8, 0, 0, NULL, 'li', '2024-01-11 20:39:18', NULL, 1, NULL),
(847, 12, 10, 8, 1, 1, NULL, 'li', '2024-01-11 20:39:19', NULL, 1, NULL),
(848, 12, 11, 8, 0, 1, NULL, 'li', '2024-01-11 20:39:20', NULL, 1, NULL),
(849, 12, 12, 8, 0, 0, NULL, 'li', '2024-01-11 20:39:21', NULL, 1, NULL),
(850, 12, 13, 8, 0, 0, NULL, 'li', '2024-01-11 20:39:22', NULL, 1, NULL),
(851, 12, 14, 8, 2, 1, NULL, 'li', '2024-01-11 20:39:22', NULL, 1, NULL),
(852, 12, 15, 8, 2, 2, NULL, 'li', '2024-01-11 20:39:23', NULL, 1, NULL),
(853, 12, 16, 8, 2, 0, NULL, 'li', '2024-01-11 20:39:24', NULL, 1, NULL),
(854, 12, 17, 8, 1, 0, NULL, 'li', '2024-01-11 20:39:25', NULL, 1, NULL),
(855, 12, 18, 8, 2, 1, NULL, 'li', '2024-01-11 20:39:25', NULL, 1, NULL),
(856, 12, 19, 8, 0, 0, NULL, 'li', '2024-01-11 20:39:27', NULL, 1, NULL),
(857, 12, 20, 8, 1, 0, NULL, 'li', '2024-01-11 20:39:27', NULL, 1, NULL),
(858, 12, 21, 8, 2, 2, NULL, 'li', '2024-01-11 20:39:28', NULL, 1, NULL),
(859, 12, 22, 8, 2, 1, NULL, 'li', '2024-01-11 20:39:29', NULL, 1, NULL),
(860, 12, 23, 8, 2, 1, NULL, 'li', '2024-01-11 20:39:30', NULL, 1, NULL),
(861, 12, 24, 8, 0, 0, NULL, 'li', '2024-01-11 20:39:31', NULL, 1, NULL),
(862, 12, 25, 8, 1, 0, NULL, 'li', '2024-01-11 20:39:32', NULL, 1, NULL),
(863, 12, 26, 8, 2, 1, NULL, 'li', '2024-01-11 20:39:34', NULL, 1, NULL),
(864, 12, 27, 8, 1, 1, NULL, 'li', '2024-01-11 20:39:34', NULL, 1, NULL),
(865, 12, 28, 8, 2, 1, NULL, 'li', '2024-01-11 20:39:35', NULL, 1, NULL),
(866, 12, 29, 8, 1, 0, NULL, 'li', '2024-01-11 20:39:36', NULL, 1, NULL),
(867, 12, 30, 8, 0, 0, NULL, 'li', '2024-01-11 20:39:37', NULL, 1, NULL),
(868, 12, 31, 8, 0, 0, NULL, 'li', '2024-01-11 20:39:37', NULL, 1, NULL),
(869, 12, 32, 8, 1, 1, NULL, 'li', '2024-01-11 20:39:38', NULL, 1, NULL),
(870, 12, 33, 8, 1, 1, NULL, 'li', '2024-01-11 20:39:39', NULL, 1, NULL),
(871, 13, 4, 1, 0, 0, NULL, 'li', '2024-01-11 20:39:41', NULL, 1, NULL),
(872, 13, 4, 2, 3, 0, NULL, 'li', '2024-01-11 20:39:41', NULL, 1, NULL),
(873, 13, 4, 3, 0, 0, NULL, 'li', '2024-01-11 20:39:41', NULL, 1, NULL),
(874, 13, 4, 4, 1, 0, NULL, 'li', '2024-01-11 20:39:42', NULL, 1, NULL),
(875, 13, 4, 5, 2, 0, NULL, 'li', '2024-01-11 20:39:42', NULL, 1, NULL),
(876, 13, 4, 6, 1, 0, NULL, 'li', '2024-01-11 20:39:42', NULL, 1, NULL),
(877, 13, 4, 7, 1, 0, NULL, 'li', '2024-01-11 20:39:43', NULL, 1, NULL),
(878, 13, 5, 1, 1, 0, NULL, 'li', '2024-01-11 20:39:44', NULL, 1, NULL),
(879, 13, 5, 2, 3, 0, NULL, 'li', '2024-01-11 20:39:44', NULL, 1, NULL),
(880, 13, 5, 3, 1, 0, NULL, 'li', '2024-01-11 20:39:44', NULL, 1, NULL),
(881, 13, 5, 4, 1, 0, NULL, 'li', '2024-01-11 20:39:45', NULL, 1, NULL),
(882, 13, 5, 5, 0, 0, NULL, 'li', '2024-01-11 20:39:45', NULL, 1, NULL),
(883, 13, 5, 6, 1, 0, NULL, 'li', '2024-01-11 20:39:45', NULL, 1, NULL),
(884, 13, 5, 7, 1, 0, NULL, 'li', '2024-01-11 20:39:46', NULL, 1, NULL),
(885, 13, 6, 1, 0, 0, NULL, 'li', '2024-01-11 20:39:46', NULL, 1, NULL),
(886, 13, 6, 2, 3, 0, NULL, 'li', '2024-01-11 20:39:47', NULL, 1, NULL),
(887, 13, 6, 3, 1, 0, NULL, 'li', '2024-01-11 20:39:47', NULL, 1, NULL),
(888, 13, 6, 4, 1, 0, NULL, 'li', '2024-01-11 20:39:47', NULL, 1, NULL),
(889, 13, 6, 5, 1, 0, NULL, 'li', '2024-01-11 20:39:48', NULL, 1, NULL),
(890, 13, 6, 6, 0, 0, NULL, 'li', '2024-01-11 20:39:48', NULL, 1, NULL),
(891, 13, 6, 7, 1, 0, NULL, 'li', '2024-01-11 20:39:48', NULL, 1, NULL),
(892, 13, 7, 1, 1, 0, NULL, 'li', '2024-01-11 20:39:49', NULL, 1, NULL),
(893, 13, 7, 2, 2, 0, NULL, 'li', '2024-01-11 20:39:49', NULL, 1, NULL),
(894, 13, 7, 3, 0, 0, NULL, 'li', '2024-01-11 20:39:50', NULL, 1, NULL),
(895, 13, 7, 4, 0, 0, NULL, 'li', '2024-01-11 20:39:50', NULL, 1, NULL),
(896, 13, 7, 5, 1, 0, NULL, 'li', '2024-01-11 20:39:50', NULL, 1, NULL),
(897, 13, 7, 6, 0, 0, NULL, 'li', '2024-01-11 20:39:51', NULL, 1, NULL),
(898, 13, 7, 7, 1, 0, NULL, 'li', '2024-01-11 20:39:51', NULL, 1, NULL),
(899, 13, 8, 1, 1, 0, NULL, 'li', '2024-01-11 20:39:52', NULL, 1, NULL),
(900, 13, 8, 2, 2, 0, NULL, 'li', '2024-01-11 20:39:52', NULL, 1, NULL),
(901, 13, 8, 3, 0, 0, NULL, 'li', '2024-01-11 20:39:52', NULL, 1, NULL),
(902, 13, 8, 4, 1, 0, NULL, 'li', '2024-01-11 20:39:53', NULL, 1, NULL),
(903, 13, 8, 5, 1, 0, NULL, 'li', '2024-01-11 20:39:53', NULL, 1, NULL),
(904, 13, 8, 6, 0, 0, NULL, 'li', '2024-01-11 20:39:53', NULL, 1, NULL),
(905, 13, 8, 7, 0, 0, NULL, 'li', '2024-01-11 20:39:54', NULL, 1, NULL),
(906, 13, 9, 1, 0, 0, NULL, 'li', '2024-01-11 20:39:55', NULL, 1, NULL),
(907, 13, 9, 2, 0, 0, NULL, 'li', '2024-01-11 20:39:55', NULL, 1, NULL),
(908, 13, 9, 3, 0, 0, NULL, 'li', '2024-01-11 20:39:56', NULL, 1, NULL),
(909, 13, 9, 4, 0, 0, NULL, 'li', '2024-01-11 20:39:56', NULL, 1, NULL),
(910, 13, 9, 5, 0, 0, NULL, 'li', '2024-01-11 20:39:56', NULL, 1, NULL),
(911, 13, 9, 6, 0, 0, NULL, 'li', '2024-01-11 20:39:57', NULL, 1, NULL),
(912, 13, 9, 7, 0, 0, NULL, 'li', '2024-01-11 20:39:57', NULL, 1, NULL),
(913, 13, 10, 1, 0, 0, NULL, 'li', '2024-01-11 20:39:58', NULL, 1, NULL),
(914, 13, 10, 2, 1, 0, NULL, 'li', '2024-01-11 20:39:58', NULL, 1, NULL),
(915, 13, 10, 3, 0, 0, NULL, 'li', '2024-01-11 20:39:59', NULL, 1, NULL),
(916, 13, 10, 4, 0, 0, NULL, 'li', '2024-01-11 20:39:59', NULL, 1, NULL),
(917, 13, 10, 5, 0, 0, NULL, 'li', '2024-01-11 20:39:59', NULL, 1, NULL),
(918, 13, 10, 6, 0, 0, NULL, 'li', '2024-01-11 20:39:59', NULL, 1, NULL),
(919, 13, 10, 7, 0, 0, NULL, 'li', '2024-01-11 20:40:00', NULL, 1, NULL),
(920, 13, 11, 1, 0, 0, NULL, 'li', '2024-01-11 20:40:00', NULL, 1, NULL),
(921, 13, 11, 2, 0, 0, NULL, 'li', '2024-01-11 20:40:01', NULL, 1, NULL),
(922, 13, 11, 3, 0, 0, NULL, 'li', '2024-01-11 20:40:01', NULL, 1, NULL),
(923, 13, 11, 4, 0, 0, NULL, 'li', '2024-01-11 20:40:01', NULL, 1, NULL),
(924, 13, 11, 5, 0, 0, NULL, 'li', '2024-01-11 20:40:02', NULL, 1, NULL),
(925, 13, 11, 6, 0, 0, NULL, 'li', '2024-01-11 20:40:02', NULL, 1, NULL),
(926, 13, 11, 7, 0, 0, NULL, 'li', '2024-01-11 20:40:03', NULL, 1, NULL),
(927, 13, 12, 1, 1, 0, NULL, 'li', '2024-01-11 20:40:04', NULL, 1, NULL),
(928, 13, 12, 2, 3, 0, NULL, 'li', '2024-01-11 20:40:04', NULL, 1, NULL),
(929, 13, 12, 3, 0, 0, NULL, 'li', '2024-01-11 20:40:04', NULL, 1, NULL),
(930, 13, 12, 4, 2, 0, NULL, 'li', '2024-01-11 20:40:05', NULL, 1, NULL),
(931, 13, 12, 5, 1, 0, NULL, 'li', '2024-01-11 20:40:05', NULL, 1, NULL),
(932, 13, 12, 6, 0, 0, NULL, 'li', '2024-01-11 20:40:05', NULL, 1, NULL),
(933, 13, 12, 7, 0, 0, NULL, 'li', '2024-01-11 20:40:06', NULL, 1, NULL),
(934, 13, 13, 1, 1, 0, NULL, 'li', '2024-01-11 20:40:07', NULL, 1, NULL),
(935, 13, 13, 2, 1, 0, NULL, 'li', '2024-01-11 20:40:07', NULL, 1, NULL),
(936, 13, 13, 3, 0, 0, NULL, 'li', '2024-01-11 20:40:07', NULL, 1, NULL),
(937, 13, 13, 4, 0, 0, NULL, 'li', '2024-01-11 20:40:08', NULL, 1, NULL),
(938, 13, 13, 5, 1, 0, NULL, 'li', '2024-01-11 20:40:08', NULL, 1, NULL),
(939, 13, 13, 6, 0, 0, NULL, 'li', '2024-01-11 20:40:09', NULL, 1, NULL),
(940, 13, 13, 7, 1, 0, NULL, 'li', '2024-01-11 20:40:09', NULL, 1, NULL),
(941, 13, 14, 1, 0, 0, NULL, 'li', '2024-01-11 20:40:10', NULL, 1, NULL),
(942, 13, 14, 2, 1, 0, NULL, 'li', '2024-01-11 20:40:10', NULL, 1, NULL),
(943, 13, 14, 3, 0, 0, NULL, 'li', '2024-01-11 20:40:10', NULL, 1, NULL),
(944, 13, 14, 4, 1, 0, NULL, 'li', '2024-01-11 20:40:11', NULL, 1, NULL),
(945, 13, 14, 5, 0, 0, NULL, 'li', '2024-01-11 20:40:11', NULL, 1, NULL),
(946, 13, 14, 6, 0, 0, NULL, 'li', '2024-01-11 20:40:11', NULL, 1, NULL),
(947, 13, 14, 7, 0, 0, NULL, 'li', '2024-01-11 20:40:12', NULL, 1, NULL),
(948, 13, 15, 1, 0, 0, NULL, 'li', '2024-01-11 20:40:13', NULL, 1, NULL),
(949, 13, 15, 2, 2, 0, NULL, 'li', '2024-01-11 20:40:13', NULL, 1, NULL),
(950, 13, 15, 3, 1, 0, NULL, 'li', '2024-01-11 20:40:13', NULL, 1, NULL),
(951, 13, 15, 4, 1, 0, NULL, 'li', '2024-01-11 20:40:14', NULL, 1, NULL),
(952, 13, 15, 5, 1, 0, NULL, 'li', '2024-01-11 20:40:14', NULL, 1, NULL),
(953, 13, 15, 6, 0, 0, NULL, 'li', '2024-01-11 20:40:14', NULL, 1, NULL),
(954, 13, 15, 7, 0, 0, NULL, 'li', '2024-01-11 20:40:15', NULL, 1, NULL),
(955, 13, 16, 1, 1, 0, NULL, 'li', '2024-01-11 20:40:15', NULL, 1, NULL),
(956, 13, 16, 2, 0, 0, NULL, 'li', '2024-01-11 20:40:16', NULL, 1, NULL),
(957, 13, 16, 3, 0, 0, NULL, 'li', '2024-01-11 20:40:16', NULL, 1, NULL),
(958, 13, 16, 4, 0, 0, NULL, 'li', '2024-01-11 20:40:16', NULL, 1, NULL),
(959, 13, 16, 5, 1, 0, NULL, 'li', '2024-01-11 20:40:17', NULL, 1, NULL),
(960, 13, 16, 6, 0, 0, NULL, 'li', '2024-01-11 20:40:17', NULL, 1, NULL),
(961, 13, 16, 7, 0, 0, NULL, 'li', '2024-01-11 20:40:18', NULL, 1, NULL),
(962, 13, 17, 1, 0, 0, NULL, 'li', '2024-01-11 20:40:18', NULL, 1, NULL),
(963, 13, 17, 2, 1, 0, NULL, 'li', '2024-01-11 20:40:19', NULL, 1, NULL),
(964, 13, 17, 3, 0, 0, NULL, 'li', '2024-01-11 20:40:19', NULL, 1, NULL),
(965, 13, 17, 4, 0, 0, NULL, 'li', '2024-01-11 20:40:19', NULL, 1, NULL),
(966, 13, 17, 5, 1, 0, NULL, 'li', '2024-01-11 20:40:20', NULL, 1, NULL),
(967, 13, 17, 6, 0, 0, NULL, 'li', '2024-01-11 20:40:20', NULL, 1, NULL),
(968, 13, 17, 7, 0, 0, NULL, 'li', '2024-01-11 20:40:20', NULL, 1, NULL),
(969, 13, 18, 1, 1, 0, NULL, 'li', '2024-01-11 20:40:21', NULL, 1, NULL),
(970, 13, 18, 2, 2, 0, NULL, 'li', '2024-01-11 20:40:22', NULL, 1, NULL),
(971, 13, 18, 3, 0, 0, NULL, 'li', '2024-01-11 20:40:22', NULL, 1, NULL),
(972, 13, 18, 4, 0, 0, NULL, 'li', '2024-01-11 20:40:22', NULL, 1, NULL),
(973, 13, 18, 5, 1, 0, NULL, 'li', '2024-01-11 20:40:23', NULL, 1, NULL),
(974, 13, 18, 6, 0, 0, NULL, 'li', '2024-01-11 20:40:23', NULL, 1, NULL),
(975, 13, 18, 7, 0, 0, NULL, 'li', '2024-01-11 20:40:23', NULL, 1, NULL),
(976, 13, 19, 1, 0, 0, NULL, 'li', '2024-01-11 20:40:25', NULL, 1, NULL),
(977, 13, 19, 2, 2, 0, NULL, 'li', '2024-01-11 20:40:25', NULL, 1, NULL),
(978, 13, 19, 3, 0, 0, NULL, 'li', '2024-01-11 20:40:25', NULL, 1, NULL),
(979, 13, 19, 4, 0, 0, NULL, 'li', '2024-01-11 20:40:26', NULL, 1, NULL),
(980, 13, 19, 5, 0, 0, NULL, 'li', '2024-01-11 20:40:26', NULL, 1, NULL),
(981, 13, 19, 6, 0, 0, NULL, 'li', '2024-01-11 20:40:26', NULL, 1, NULL),
(982, 13, 19, 7, 0, 0, NULL, 'li', '2024-01-11 20:40:27', NULL, 1, NULL),
(983, 13, 20, 1, 1, 0, NULL, 'li', '2024-01-11 20:40:27', NULL, 1, NULL),
(984, 13, 20, 2, 0, 0, NULL, 'li', '2024-01-11 20:40:28', NULL, 1, NULL),
(985, 13, 20, 3, 0, 0, NULL, 'li', '2024-01-11 20:40:28', NULL, 1, NULL),
(986, 13, 20, 4, 0, 0, NULL, 'li', '2024-01-11 20:40:28', NULL, 1, NULL),
(987, 13, 20, 5, 0, 0, NULL, 'li', '2024-01-11 20:40:29', NULL, 1, NULL),
(988, 13, 20, 6, 0, 0, NULL, 'li', '2024-01-11 20:40:29', NULL, 1, NULL),
(989, 13, 20, 7, 0, 0, NULL, 'li', '2024-01-11 20:40:29', NULL, 1, NULL),
(990, 13, 21, 1, 2, 0, NULL, 'li', '2024-01-11 20:40:30', NULL, 1, NULL),
(991, 13, 21, 2, 2, 0, NULL, 'li', '2024-01-11 20:40:30', NULL, 1, NULL),
(992, 13, 21, 3, 0, 0, NULL, 'li', '2024-01-11 20:40:31', NULL, 1, NULL),
(993, 13, 21, 4, 0, 0, NULL, 'li', '2024-01-11 20:40:31', NULL, 1, NULL),
(994, 13, 21, 5, 1, 0, NULL, 'li', '2024-01-11 20:40:32', NULL, 1, NULL),
(995, 13, 21, 6, 0, 0, NULL, 'li', '2024-01-11 20:40:32', NULL, 1, NULL),
(996, 13, 21, 7, 1, 0, NULL, 'li', '2024-01-11 20:40:33', NULL, 1, NULL),
(997, 13, 22, 1, 1, 0, NULL, 'li', '2024-01-11 20:40:34', NULL, 1, NULL),
(998, 13, 22, 2, 1, 0, NULL, 'li', '2024-01-11 20:40:34', NULL, 1, NULL),
(999, 13, 22, 3, 0, 0, NULL, 'li', '2024-01-11 20:40:35', NULL, 1, NULL),
(1000, 13, 22, 4, 0, 0, NULL, 'li', '2024-01-11 20:40:35', NULL, 1, NULL),
(1001, 13, 22, 5, 0, 0, NULL, 'li', '2024-01-11 20:40:35', NULL, 1, NULL),
(1002, 13, 22, 6, 0, 0, NULL, 'li', '2024-01-11 20:40:36', NULL, 1, NULL),
(1003, 13, 22, 7, 1, 0, NULL, 'li', '2024-01-11 20:40:36', NULL, 1, NULL),
(1004, 13, 23, 1, 2, 0, NULL, 'li', '2024-01-11 20:40:37', NULL, 1, NULL),
(1005, 13, 23, 2, 2, 0, NULL, 'li', '2024-01-11 20:40:37', NULL, 1, NULL),
(1006, 13, 23, 3, 0, 0, NULL, 'li', '2024-01-11 20:40:37', NULL, 1, NULL),
(1007, 13, 23, 4, 2, 0, NULL, 'li', '2024-01-11 20:40:38', NULL, 1, NULL),
(1008, 13, 23, 5, 1, 0, NULL, 'li', '2024-01-11 20:40:38', NULL, 1, NULL),
(1009, 13, 23, 6, 0, 0, NULL, 'li', '2024-01-11 20:40:38', NULL, 1, NULL),
(1010, 13, 23, 7, 2, 0, NULL, 'li', '2024-01-11 20:40:39', NULL, 1, NULL),
(1011, 13, 24, 1, 0, 0, NULL, 'li', '2024-01-11 20:40:40', NULL, 1, NULL),
(1012, 13, 24, 2, 0, 0, NULL, 'li', '2024-01-11 20:40:40', NULL, 1, NULL),
(1013, 13, 24, 3, 0, 0, NULL, 'li', '2024-01-11 20:40:40', NULL, 1, NULL),
(1014, 13, 24, 4, 0, 0, NULL, 'li', '2024-01-11 20:40:41', NULL, 1, NULL),
(1015, 13, 24, 5, 0, 0, NULL, 'li', '2024-01-11 20:40:41', NULL, 1, NULL),
(1016, 13, 24, 6, 0, 0, NULL, 'li', '2024-01-11 20:40:41', NULL, 1, NULL),
(1017, 13, 24, 7, 1, 0, NULL, 'li', '2024-01-11 20:40:42', NULL, 1, NULL),
(1018, 13, 25, 1, 0, 0, NULL, 'li', '2024-01-11 20:40:42', NULL, 1, NULL),
(1019, 13, 25, 2, 0, 0, NULL, 'li', '2024-01-11 20:40:43', NULL, 1, NULL),
(1020, 13, 25, 3, 0, 0, NULL, 'li', '2024-01-11 20:40:43', NULL, 1, NULL),
(1021, 13, 25, 4, 0, 0, NULL, 'li', '2024-01-11 20:40:44', NULL, 1, NULL),
(1022, 13, 25, 5, 0, 0, NULL, 'li', '2024-01-11 20:40:44', NULL, 1, NULL),
(1023, 13, 25, 6, 0, 0, NULL, 'li', '2024-01-11 20:40:44', NULL, 1, NULL),
(1024, 13, 25, 7, 0, 0, NULL, 'li', '2024-01-11 20:40:45', NULL, 1, NULL),
(1025, 13, 26, 1, 2, 0, NULL, 'li', '2024-01-11 20:40:46', NULL, 1, NULL),
(1026, 13, 26, 2, 2, 0, NULL, 'li', '2024-01-11 20:40:47', NULL, 1, NULL),
(1027, 13, 26, 3, 1, 0, NULL, 'li', '2024-01-11 20:40:47', NULL, 1, NULL),
(1028, 13, 26, 4, 1, 0, NULL, 'li', '2024-01-11 20:40:47', NULL, 1, NULL),
(1029, 13, 26, 5, 1, 0, NULL, 'li', '2024-01-11 20:40:48', NULL, 1, NULL),
(1030, 13, 26, 6, 1, 0, NULL, 'li', '2024-01-11 20:40:48', NULL, 1, NULL),
(1031, 13, 26, 7, 1, 0, NULL, 'li', '2024-01-11 20:40:48', NULL, 1, NULL),
(1032, 13, 27, 1, 1, 0, NULL, 'li', '2024-01-11 20:40:49', NULL, 1, NULL),
(1033, 13, 27, 2, 1, 0, NULL, 'li', '2024-01-11 20:40:49', NULL, 1, NULL),
(1034, 13, 27, 3, 0, 0, NULL, 'li', '2024-01-11 20:40:50', NULL, 1, NULL),
(1035, 13, 27, 4, 0, 0, NULL, 'li', '2024-01-11 20:40:50', NULL, 1, NULL),
(1036, 13, 27, 5, 0, 0, NULL, 'li', '2024-01-11 20:40:50', NULL, 1, NULL),
(1037, 13, 27, 6, 0, 0, NULL, 'li', '2024-01-11 20:40:51', NULL, 1, NULL),
(1038, 13, 27, 7, 0, 0, NULL, 'li', '2024-01-11 20:40:51', NULL, 1, NULL),
(1039, 13, 28, 1, 0, 0, NULL, 'li', '2024-01-11 20:40:52', NULL, 1, NULL),
(1040, 13, 28, 2, 0, 0, NULL, 'li', '2024-01-11 20:40:52', NULL, 1, NULL),
(1041, 13, 28, 3, 0, 0, NULL, 'li', '2024-01-11 20:40:53', NULL, 1, NULL),
(1042, 13, 28, 4, 0, 0, NULL, 'li', '2024-01-11 20:40:53', NULL, 1, NULL),
(1043, 13, 28, 5, 0, 0, NULL, 'li', '2024-01-11 20:40:53', NULL, 1, NULL),
(1044, 13, 28, 6, 0, 0, NULL, 'li', '2024-01-11 20:40:54', NULL, 1, NULL),
(1045, 13, 28, 7, 0, 0, NULL, 'li', '2024-01-11 20:40:54', NULL, 1, NULL),
(1046, 13, 29, 1, 1, 0, NULL, 'li', '2024-01-11 20:40:55', NULL, 1, NULL),
(1047, 13, 29, 2, 1, 0, NULL, 'li', '2024-01-11 20:40:55', NULL, 1, NULL),
(1048, 13, 29, 3, 0, 0, NULL, 'li', '2024-01-11 20:40:55', NULL, 1, NULL),
(1049, 13, 29, 4, 1, 0, NULL, 'li', '2024-01-11 20:40:55', NULL, 1, NULL),
(1050, 13, 29, 5, 1, 0, NULL, 'li', '2024-01-11 20:40:56', NULL, 1, NULL),
(1051, 13, 29, 6, 1, 0, NULL, 'li', '2024-01-11 20:40:56', NULL, 1, NULL),
(1052, 13, 29, 7, 0, 0, NULL, 'li', '2024-01-11 20:40:57', NULL, 1, NULL),
(1053, 13, 30, 1, 2, 0, NULL, 'li', '2024-01-11 20:40:58', NULL, 1, NULL),
(1054, 13, 30, 2, 1, 0, NULL, 'li', '2024-01-11 20:40:58', NULL, 1, NULL),
(1055, 13, 30, 3, 0, 0, NULL, 'li', '2024-01-11 20:40:58', NULL, 1, NULL),
(1056, 13, 30, 4, 0, 0, NULL, 'li', '2024-01-11 20:40:59', NULL, 1, NULL),
(1057, 13, 30, 5, 0, 0, NULL, 'li', '2024-01-11 20:40:59', NULL, 1, NULL),
(1058, 13, 30, 6, 0, 0, NULL, 'li', '2024-01-11 20:40:59', NULL, 1, NULL),
(1059, 13, 30, 7, 0, 0, NULL, 'li', '2024-01-11 20:41:00', NULL, 1, NULL),
(1060, 13, 31, 1, 1, 0, NULL, 'li', '2024-01-11 20:41:00', NULL, 1, NULL),
(1061, 13, 31, 2, 1, 0, NULL, 'li', '2024-01-11 20:41:01', NULL, 1, NULL),
(1062, 13, 31, 3, 0, 0, NULL, 'li', '2024-01-11 20:41:01', NULL, 1, NULL),
(1063, 13, 31, 4, 1, 0, NULL, 'li', '2024-01-11 20:41:01', NULL, 1, NULL),
(1064, 13, 31, 5, 0, 0, NULL, 'li', '2024-01-11 20:41:02', NULL, 1, NULL),
(1065, 13, 31, 6, 0, 0, NULL, 'li', '2024-01-11 20:41:02', NULL, 1, NULL),
(1066, 13, 31, 7, 1, 0, NULL, 'li', '2024-01-11 20:41:02', NULL, 1, NULL),
(1067, 13, 32, 1, 2, 0, NULL, 'li', '2024-01-11 20:41:03', NULL, 1, NULL),
(1068, 13, 32, 2, 2, 0, NULL, 'li', '2024-01-11 20:41:04', NULL, 1, NULL),
(1069, 13, 32, 3, 0, 0, NULL, 'li', '2024-01-11 20:41:04', NULL, 1, NULL),
(1070, 13, 32, 4, 2, 0, NULL, 'li', '2024-01-11 20:41:04', NULL, 1, NULL),
(1071, 13, 32, 5, 0, 0, NULL, 'li', '2024-01-11 20:41:04', NULL, 1, NULL),
(1072, 13, 32, 6, 1, 0, NULL, 'li', '2024-01-11 20:41:05', NULL, 1, NULL),
(1073, 13, 32, 7, 2, 0, NULL, 'li', '2024-01-11 20:41:05', NULL, 1, NULL),
(1074, 13, 33, 1, 1, 0, NULL, 'li', '2024-01-11 20:41:06', NULL, 1, NULL),
(1075, 13, 33, 2, 1, 0, NULL, 'li', '2024-01-11 20:41:06', NULL, 1, NULL),
(1076, 13, 33, 3, 0, 0, NULL, 'li', '2024-01-11 20:41:07', NULL, 1, NULL),
(1077, 13, 33, 4, 0, 0, NULL, 'li', '2024-01-11 20:41:07', NULL, 1, NULL),
(1078, 13, 33, 5, 0, 0, NULL, 'li', '2024-01-11 20:41:07', NULL, 1, NULL),
(1079, 13, 33, 6, 0, 0, NULL, 'li', '2024-01-11 20:41:08', NULL, 1, NULL),
(1080, 13, 33, 7, 0, 0, NULL, 'li', '2024-01-11 20:41:08', NULL, 1, NULL),
(1081, 14, 4, 8, 3, 2, NULL, 'li', '2024-01-11 21:28:47', NULL, 1, NULL),
(1082, 14, 5, 8, 2, 3, NULL, 'li', '2024-01-11 21:28:47', NULL, 1, NULL),
(1083, 14, 6, 8, 3, 2, NULL, 'li', '2024-01-11 21:28:47', NULL, 1, NULL),
(1084, 14, 7, 8, 2, 3, NULL, 'li', '2024-01-11 21:28:47', NULL, 1, NULL),
(1085, 14, 8, 8, 3, 1, NULL, 'li', '2024-01-11 21:28:47', NULL, 1, NULL),
(1086, 14, 9, 8, 0, 0, NULL, 'li', '2024-01-11 21:28:47', NULL, 1, NULL),
(1087, 14, 10, 8, 3, 1, NULL, 'li', '2024-01-11 21:28:47', NULL, 1, NULL),
(1088, 14, 11, 8, 1, 0, NULL, 'li', '2024-01-11 21:28:47', NULL, 1, NULL),
(1089, 14, 12, 8, 1, 0, NULL, 'li', '2024-01-11 21:28:48', NULL, 1, NULL),
(1090, 14, 13, 8, 2, 1, NULL, 'li', '2024-01-11 21:28:48', NULL, 1, NULL),
(1091, 14, 14, 8, 2, 0, NULL, 'li', '2024-01-11 21:28:48', NULL, 1, NULL),
(1092, 14, 15, 8, 0, 0, NULL, 'li', '2024-01-11 21:28:48', NULL, 1, NULL),
(1093, 14, 16, 8, 2, 1, NULL, 'li', '2024-01-11 21:28:48', NULL, 1, NULL),
(1094, 14, 17, 8, 3, 2, NULL, 'li', '2024-01-11 21:28:48', NULL, 1, NULL),
(1095, 14, 18, 8, 2, 1, NULL, 'li', '2024-01-11 21:28:48', NULL, 1, NULL),
(1096, 14, 19, 8, 0, 0, NULL, 'li', '2024-01-11 21:28:48', NULL, 1, NULL),
(1097, 14, 20, 8, 2, 1, NULL, 'li', '2024-01-11 21:28:48', NULL, 1, NULL),
(1098, 14, 21, 8, 3, 2, NULL, 'li', '2024-01-11 21:28:48', NULL, 1, NULL),
(1099, 14, 22, 8, 3, 1, NULL, 'li', '2024-01-11 21:28:48', NULL, 1, NULL),
(1100, 14, 23, 8, 3, 2, NULL, 'li', '2024-01-11 21:28:48', NULL, 1, NULL),
(1101, 14, 24, 8, 1, 0, NULL, 'li', '2024-01-11 21:28:48', NULL, 1, NULL),
(1102, 14, 25, 8, 2, 1, NULL, 'li', '2024-01-11 21:28:48', NULL, 1, NULL),
(1103, 14, 26, 8, 3, 1, NULL, 'li', '2024-01-11 21:28:48', NULL, 1, NULL),
(1104, 14, 27, 8, 1, 0, NULL, 'li', '2024-01-11 21:28:48', NULL, 1, NULL),
(1105, 14, 28, 8, 1, 0, NULL, 'li', '2024-01-11 21:28:48', NULL, 1, NULL),
(1106, 14, 29, 8, 3, 1, NULL, 'li', '2024-01-11 21:28:48', NULL, 1, NULL),
(1107, 14, 30, 8, 2, 1, NULL, 'li', '2024-01-11 21:28:48', NULL, 1, NULL),
(1108, 14, 31, 8, 2, 0, NULL, 'li', '2024-01-11 21:28:48', NULL, 1, NULL),
(1109, 14, 32, 8, 2, 0, NULL, 'li', '2024-01-11 21:28:48', NULL, 1, NULL),
(1110, 14, 33, 8, 2, 0, NULL, 'li', '2024-01-11 21:28:48', NULL, 1, NULL),
(1111, 15, 4, 1, 3, 0, NULL, 'li', '2024-01-11 21:28:49', NULL, 1, NULL),
(1112, 15, 4, 2, 3, 0, NULL, 'li', '2024-01-11 21:28:49', NULL, 1, NULL),
(1113, 15, 4, 3, 0, 0, NULL, 'li', '2024-01-11 21:28:49', NULL, 1, NULL),
(1114, 15, 4, 4, 3, 0, NULL, 'li', '2024-01-11 21:28:49', NULL, 1, NULL),
(1115, 15, 4, 5, 3, 0, NULL, 'li', '2024-01-11 21:28:49', NULL, 1, NULL),
(1116, 15, 4, 6, 3, 0, NULL, 'li', '2024-01-11 21:28:49', NULL, 1, NULL),
(1117, 15, 4, 7, 3, 0, NULL, 'li', '2024-01-11 21:28:49', NULL, 1, NULL),
(1118, 15, 5, 1, 3, 0, NULL, 'li', '2024-01-11 21:28:49', NULL, 1, NULL),
(1119, 15, 5, 2, 3, 0, NULL, 'li', '2024-01-11 21:28:49', NULL, 1, NULL),
(1120, 15, 5, 3, 0, 0, NULL, 'li', '2024-01-11 21:28:49', NULL, 1, NULL),
(1121, 15, 5, 4, 3, 0, NULL, 'li', '2024-01-11 21:28:49', NULL, 1, NULL),
(1122, 15, 5, 5, 3, 0, NULL, 'li', '2024-01-11 21:28:49', NULL, 1, NULL),
(1123, 15, 5, 6, 3, 0, NULL, 'li', '2024-01-11 21:28:49', NULL, 1, NULL),
(1124, 15, 5, 7, 3, 0, NULL, 'li', '2024-01-11 21:28:49', NULL, 1, NULL),
(1125, 15, 6, 1, 2, 0, NULL, 'li', '2024-01-11 21:28:49', NULL, 1, NULL),
(1126, 15, 6, 2, 2, 0, NULL, 'li', '2024-01-11 21:28:49', NULL, 1, NULL),
(1127, 15, 6, 3, 2, 0, NULL, 'li', '2024-01-11 21:28:49', NULL, 1, NULL),
(1128, 15, 6, 4, 2, 0, NULL, 'li', '2024-01-11 21:28:49', NULL, 1, NULL),
(1129, 15, 6, 5, 2, 0, NULL, 'li', '2024-01-11 21:28:49', NULL, 1, NULL),
(1130, 15, 6, 6, 2, 0, NULL, 'li', '2024-01-11 21:28:49', NULL, 1, NULL),
(1131, 15, 6, 7, 3, 0, NULL, 'li', '2024-01-11 21:28:49', NULL, 1, NULL),
(1132, 15, 7, 1, 2, 0, NULL, 'li', '2024-01-11 21:28:49', NULL, 1, NULL),
(1133, 15, 7, 2, 2, 0, NULL, 'li', '2024-01-11 21:28:49', NULL, 1, NULL),
(1134, 15, 7, 3, 2, 0, NULL, 'li', '2024-01-11 21:28:49', NULL, 1, NULL),
(1135, 15, 7, 4, 2, 0, NULL, 'li', '2024-01-11 21:28:49', NULL, 1, NULL),
(1136, 15, 7, 5, 3, 0, NULL, 'li', '2024-01-11 21:28:49', NULL, 1, NULL),
(1137, 15, 7, 6, 2, 0, NULL, 'li', '2024-01-11 21:28:49', NULL, 1, NULL),
(1138, 15, 7, 7, 2, 0, NULL, 'li', '2024-01-11 21:28:49', NULL, 1, NULL),
(1139, 15, 8, 1, 2, 0, NULL, 'li', '2024-01-11 21:28:49', NULL, 1, NULL),
(1140, 15, 8, 2, 3, 0, NULL, 'li', '2024-01-11 21:28:49', NULL, 1, NULL),
(1141, 15, 8, 3, 3, 0, NULL, 'li', '2024-01-11 21:28:49', NULL, 1, NULL),
(1142, 15, 8, 4, 2, 0, NULL, 'li', '2024-01-11 21:28:49', NULL, 1, NULL),
(1143, 15, 8, 5, 2, 0, NULL, 'li', '2024-01-11 21:28:49', NULL, 1, NULL),
(1144, 15, 8, 6, 2, 0, NULL, 'li', '2024-01-11 21:28:49', NULL, 1, NULL),
(1145, 15, 8, 7, 2, 0, NULL, 'li', '2024-01-11 21:28:49', NULL, 1, NULL),
(1146, 15, 9, 1, 1, 0, NULL, 'li', '2024-01-11 21:28:49', NULL, 1, NULL),
(1147, 15, 9, 2, 2, 0, NULL, 'li', '2024-01-11 21:28:49', NULL, 1, NULL),
(1148, 15, 9, 3, 1, 0, NULL, 'li', '2024-01-11 21:28:49', NULL, 1, NULL),
(1149, 15, 9, 4, 2, 0, NULL, 'li', '2024-01-11 21:28:49', NULL, 1, NULL),
(1150, 15, 9, 5, 1, 0, NULL, 'li', '2024-01-11 21:28:49', NULL, 1, NULL),
(1151, 15, 9, 6, 2, 0, NULL, 'li', '2024-01-11 21:28:49', NULL, 1, NULL),
(1152, 15, 9, 7, 2, 0, NULL, 'li', '2024-01-11 21:28:50', NULL, 1, NULL),
(1153, 15, 10, 1, 2, 0, NULL, 'li', '2024-01-11 21:28:50', NULL, 1, NULL),
(1154, 15, 10, 2, 3, 0, NULL, 'li', '2024-01-11 21:28:50', NULL, 1, NULL),
(1155, 15, 10, 3, 3, 0, NULL, 'li', '2024-01-11 21:28:50', NULL, 1, NULL),
(1156, 15, 10, 4, 3, 0, NULL, 'li', '2024-01-11 21:28:50', NULL, 1, NULL),
(1157, 15, 10, 5, 2, 0, NULL, 'li', '2024-01-11 21:28:50', NULL, 1, NULL),
(1158, 15, 10, 6, 2, 0, NULL, 'li', '2024-01-11 21:28:50', NULL, 1, NULL),
(1159, 15, 10, 7, 3, 0, NULL, 'li', '2024-01-11 21:28:50', NULL, 1, NULL),
(1160, 15, 11, 1, 1, 0, NULL, 'li', '2024-01-11 21:28:50', NULL, 1, NULL),
(1161, 15, 11, 2, 1, 0, NULL, 'li', '2024-01-11 21:28:50', NULL, 1, NULL),
(1162, 15, 11, 3, 1, 0, NULL, 'li', '2024-01-11 21:28:50', NULL, 1, NULL),
(1163, 15, 11, 4, 2, 0, NULL, 'li', '2024-01-11 21:28:50', NULL, 1, NULL),
(1164, 15, 11, 5, 1, 0, NULL, 'li', '2024-01-11 21:28:50', NULL, 1, NULL),
(1165, 15, 11, 6, 2, 0, NULL, 'li', '2024-01-11 21:28:50', NULL, 1, NULL),
(1166, 15, 11, 7, 2, 0, NULL, 'li', '2024-01-11 21:28:50', NULL, 1, NULL),
(1167, 15, 12, 1, 1, 0, NULL, 'li', '2024-01-11 21:28:50', NULL, 1, NULL),
(1168, 15, 12, 2, 2, 0, NULL, 'li', '2024-01-11 21:28:50', NULL, 1, NULL),
(1169, 15, 12, 3, 1, 0, NULL, 'li', '2024-01-11 21:28:50', NULL, 1, NULL),
(1170, 15, 12, 4, 2, 0, NULL, 'li', '2024-01-11 21:28:50', NULL, 1, NULL),
(1171, 15, 12, 5, 2, 0, NULL, 'li', '2024-01-11 21:28:50', NULL, 1, NULL),
(1172, 15, 12, 6, 1, 0, NULL, 'li', '2024-01-11 21:28:50', NULL, 1, NULL),
(1173, 15, 12, 7, 2, 0, NULL, 'li', '2024-01-11 21:28:50', NULL, 1, NULL),
(1174, 15, 13, 1, 2, 0, NULL, 'li', '2024-01-11 21:28:50', NULL, 1, NULL),
(1175, 15, 13, 2, 3, 0, NULL, 'li', '2024-01-11 21:28:50', NULL, 1, NULL),
(1176, 15, 13, 3, 2, 0, NULL, 'li', '2024-01-11 21:28:50', NULL, 1, NULL),
(1177, 15, 13, 4, 2, 0, NULL, 'li', '2024-01-11 21:28:50', NULL, 1, NULL),
(1178, 15, 13, 5, 1, 0, NULL, 'li', '2024-01-11 21:28:50', NULL, 1, NULL),
(1179, 15, 13, 6, 1, 0, NULL, 'li', '2024-01-11 21:28:50', NULL, 1, NULL),
(1180, 15, 13, 7, 2, 0, NULL, 'li', '2024-01-11 21:28:50', NULL, 1, NULL),
(1181, 15, 14, 1, 0, 0, NULL, 'li', '2024-01-11 21:28:50', NULL, 1, NULL),
(1182, 15, 14, 2, 0, 0, NULL, 'li', '2024-01-11 21:28:50', NULL, 1, NULL),
(1183, 15, 14, 3, 0, 0, NULL, 'li', '2024-01-11 21:28:50', NULL, 1, NULL),
(1184, 15, 14, 4, 1, 0, NULL, 'li', '2024-01-11 21:28:50', NULL, 1, NULL),
(1185, 15, 14, 5, 1, 0, NULL, 'li', '2024-01-11 21:28:50', NULL, 1, NULL),
(1186, 15, 14, 6, 1, 0, NULL, 'li', '2024-01-11 21:28:50', NULL, 1, NULL),
(1187, 15, 14, 7, 1, 0, NULL, 'li', '2024-01-11 21:28:50', NULL, 1, NULL),
(1188, 15, 15, 1, 0, 0, NULL, 'li', '2024-01-11 21:28:50', NULL, 1, NULL),
(1189, 15, 15, 2, 1, 0, NULL, 'li', '2024-01-11 21:28:50', NULL, 1, NULL),
(1190, 15, 15, 3, 1, 0, NULL, 'li', '2024-01-11 21:28:50', NULL, 1, NULL),
(1191, 15, 15, 4, 2, 0, NULL, 'li', '2024-01-11 21:28:50', NULL, 1, NULL),
(1192, 15, 15, 5, 2, 0, NULL, 'li', '2024-01-11 21:28:50', NULL, 1, NULL),
(1193, 15, 15, 6, 2, 0, NULL, 'li', '2024-01-11 21:28:50', NULL, 1, NULL),
(1194, 15, 15, 7, 2, 0, NULL, 'li', '2024-01-11 21:28:50', NULL, 1, NULL),
(1195, 15, 16, 1, 2, 0, NULL, 'li', '2024-01-11 21:28:51', NULL, 1, NULL),
(1196, 15, 16, 2, 0, 0, NULL, 'li', '2024-01-11 21:28:51', NULL, 1, NULL),
(1197, 15, 16, 3, 0, 0, NULL, 'li', '2024-01-11 21:28:51', NULL, 1, NULL),
(1198, 15, 16, 4, 2, 0, NULL, 'li', '2024-01-11 21:28:51', NULL, 1, NULL),
(1199, 15, 16, 5, 0, 0, NULL, 'li', '2024-01-11 21:28:51', NULL, 1, NULL),
(1200, 15, 16, 6, 1, 0, NULL, 'li', '2024-01-11 21:28:51', NULL, 1, NULL),
(1201, 15, 16, 7, 2, 0, NULL, 'li', '2024-01-11 21:28:51', NULL, 1, NULL),
(1202, 15, 17, 1, 1, 0, NULL, 'li', '2024-01-11 21:28:51', NULL, 1, NULL),
(1203, 15, 17, 2, 0, 0, NULL, 'li', '2024-01-11 21:28:51', NULL, 1, NULL),
(1204, 15, 17, 3, 0, 0, NULL, 'li', '2024-01-11 21:28:51', NULL, 1, NULL),
(1205, 15, 17, 4, 2, 0, NULL, 'li', '2024-01-11 21:28:51', NULL, 1, NULL),
(1206, 15, 17, 5, 1, 0, NULL, 'li', '2024-01-11 21:28:51', NULL, 1, NULL),
(1207, 15, 17, 6, 1, 0, NULL, 'li', '2024-01-11 21:28:51', NULL, 1, NULL),
(1208, 15, 17, 7, 2, 0, NULL, 'li', '2024-01-11 21:28:51', NULL, 1, NULL),
(1209, 15, 18, 1, 1, 0, NULL, 'li', '2024-01-11 21:28:51', NULL, 1, NULL),
(1210, 15, 18, 2, 2, 0, NULL, 'li', '2024-01-11 21:28:51', NULL, 1, NULL),
(1211, 15, 18, 3, 1, 0, NULL, 'li', '2024-01-11 21:28:51', NULL, 1, NULL),
(1212, 15, 18, 4, 2, 0, NULL, 'li', '2024-01-11 21:28:51', NULL, 1, NULL),
(1213, 15, 18, 5, 2, 0, NULL, 'li', '2024-01-11 21:28:51', NULL, 1, NULL),
(1214, 15, 18, 6, 2, 0, NULL, 'li', '2024-01-11 21:28:51', NULL, 1, NULL),
(1215, 15, 18, 7, 2, 0, NULL, 'li', '2024-01-11 21:28:51', NULL, 1, NULL),
(1216, 15, 19, 1, 1, 0, NULL, 'li', '2024-01-11 21:28:51', NULL, 1, NULL),
(1217, 15, 19, 2, 2, 0, NULL, 'li', '2024-01-11 21:28:51', NULL, 1, NULL),
(1218, 15, 19, 3, 0, 0, NULL, 'li', '2024-01-11 21:28:51', NULL, 1, NULL),
(1219, 15, 19, 4, 2, 0, NULL, 'li', '2024-01-11 21:28:51', NULL, 1, NULL),
(1220, 15, 19, 5, 2, 0, NULL, 'li', '2024-01-11 21:28:51', NULL, 1, NULL),
(1221, 15, 19, 6, 1, 0, NULL, 'li', '2024-01-11 21:28:51', NULL, 1, NULL),
(1222, 15, 19, 7, 2, 0, NULL, 'li', '2024-01-11 21:28:51', NULL, 1, NULL),
(1223, 15, 20, 1, 3, 0, NULL, 'li', '2024-01-11 21:28:51', NULL, 1, NULL),
(1224, 15, 20, 2, 2, 0, NULL, 'li', '2024-01-11 21:28:51', NULL, 1, NULL),
(1225, 15, 20, 3, 1, 0, NULL, 'li', '2024-01-11 21:28:51', NULL, 1, NULL),
(1226, 15, 20, 4, 2, 0, NULL, 'li', '2024-01-11 21:28:51', NULL, 1, NULL),
(1227, 15, 20, 5, 0, 0, NULL, 'li', '2024-01-11 21:28:51', NULL, 1, NULL),
(1228, 15, 20, 6, 0, 0, NULL, 'li', '2024-01-11 21:28:51', NULL, 1, NULL),
(1229, 15, 20, 7, 2, 0, NULL, 'li', '2024-01-11 21:28:51', NULL, 1, NULL),
(1230, 15, 21, 1, 3, 0, NULL, 'li', '2024-01-11 21:28:51', NULL, 1, NULL),
(1231, 15, 21, 2, 2, 0, NULL, 'li', '2024-01-11 21:28:51', NULL, 1, NULL),
(1232, 15, 21, 3, 1, 0, NULL, 'li', '2024-01-11 21:28:51', NULL, 1, NULL),
(1233, 15, 21, 4, 2, 0, NULL, 'li', '2024-01-11 21:28:51', NULL, 1, NULL),
(1234, 15, 21, 5, 1, 0, NULL, 'li', '2024-01-11 21:28:51', NULL, 1, NULL),
(1235, 15, 21, 6, 3, 0, NULL, 'li', '2024-01-11 21:28:51', NULL, 1, NULL),
(1236, 15, 21, 7, 2, 0, NULL, 'li', '2024-01-11 21:28:51', NULL, 1, NULL),
(1237, 15, 22, 1, 2, 0, NULL, 'li', '2024-01-11 21:28:52', NULL, 1, NULL),
(1238, 15, 22, 2, 2, 0, NULL, 'li', '2024-01-11 21:28:52', NULL, 1, NULL),
(1239, 15, 22, 3, 2, 0, NULL, 'li', '2024-01-11 21:28:52', NULL, 1, NULL),
(1240, 15, 22, 4, 3, 0, NULL, 'li', '2024-01-11 21:28:52', NULL, 1, NULL),
(1241, 15, 22, 5, 2, 0, NULL, 'li', '2024-01-11 21:28:52', NULL, 1, NULL),
(1242, 15, 22, 6, 3, 0, NULL, 'li', '2024-01-11 21:28:52', NULL, 1, NULL),
(1243, 15, 22, 7, 3, 0, NULL, 'li', '2024-01-11 21:28:52', NULL, 1, NULL),
(1244, 15, 23, 1, 2, 0, NULL, 'li', '2024-01-11 21:28:52', NULL, 1, NULL),
(1245, 15, 23, 2, 2, 0, NULL, 'li', '2024-01-11 21:28:52', NULL, 1, NULL),
(1246, 15, 23, 3, 1, 0, NULL, 'li', '2024-01-11 21:28:52', NULL, 1, NULL),
(1247, 15, 23, 4, 3, 0, NULL, 'li', '2024-01-11 21:28:52', NULL, 1, NULL),
(1248, 15, 23, 5, 2, 0, NULL, 'li', '2024-01-11 21:28:52', NULL, 1, NULL),
(1249, 15, 23, 6, 2, 0, NULL, 'li', '2024-01-11 21:28:52', NULL, 1, NULL),
(1250, 15, 23, 7, 3, 0, NULL, 'li', '2024-01-11 21:28:52', NULL, 1, NULL),
(1251, 15, 24, 1, 1, 0, NULL, 'li', '2024-01-11 21:28:52', NULL, 1, NULL),
(1252, 15, 24, 2, 1, 0, NULL, 'li', '2024-01-11 21:28:52', NULL, 1, NULL),
(1253, 15, 24, 3, 0, 0, NULL, 'li', '2024-01-11 21:28:52', NULL, 1, NULL),
(1254, 15, 24, 4, 1, 0, NULL, 'li', '2024-01-11 21:28:52', NULL, 1, NULL),
(1255, 15, 24, 5, 2, 0, NULL, 'li', '2024-01-11 21:28:52', NULL, 1, NULL),
(1256, 15, 24, 6, 1, 0, NULL, 'li', '2024-01-11 21:28:52', NULL, 1, NULL),
(1257, 15, 24, 7, 2, 0, NULL, 'li', '2024-01-11 21:28:52', NULL, 1, NULL),
(1258, 15, 25, 1, 0, 0, NULL, 'li', '2024-01-11 21:28:52', NULL, 1, NULL),
(1259, 15, 25, 2, 1, 0, NULL, 'li', '2024-01-11 21:28:52', NULL, 1, NULL),
(1260, 15, 25, 3, 2, 0, NULL, 'li', '2024-01-11 21:28:52', NULL, 1, NULL),
(1261, 15, 25, 4, 2, 0, NULL, 'li', '2024-01-11 21:28:52', NULL, 1, NULL),
(1262, 15, 25, 5, 2, 0, NULL, 'li', '2024-01-11 21:28:52', NULL, 1, NULL),
(1263, 15, 25, 6, 2, 0, NULL, 'li', '2024-01-11 21:28:52', NULL, 1, NULL),
(1264, 15, 25, 7, 3, 0, NULL, 'li', '2024-01-11 21:28:52', NULL, 1, NULL),
(1265, 15, 26, 1, 3, 0, NULL, 'li', '2024-01-11 21:28:52', NULL, 1, NULL),
(1266, 15, 26, 2, 3, 0, NULL, 'li', '2024-01-11 21:28:52', NULL, 1, NULL),
(1267, 15, 26, 3, 1, 0, NULL, 'li', '2024-01-11 21:28:52', NULL, 1, NULL),
(1268, 15, 26, 4, 2, 0, NULL, 'li', '2024-01-11 21:28:52', NULL, 1, NULL),
(1269, 15, 26, 5, 2, 0, NULL, 'li', '2024-01-11 21:28:52', NULL, 1, NULL),
(1270, 15, 26, 6, 3, 0, NULL, 'li', '2024-01-11 21:28:52', NULL, 1, NULL),
(1271, 15, 26, 7, 2, 0, NULL, 'li', '2024-01-11 21:28:52', NULL, 1, NULL),
(1272, 15, 27, 1, 1, 0, NULL, 'li', '2024-01-11 21:28:52', NULL, 1, NULL),
(1273, 15, 27, 2, 2, 0, NULL, 'li', '2024-01-11 21:28:52', NULL, 1, NULL),
(1274, 15, 27, 3, 2, 0, NULL, 'li', '2024-01-11 21:28:52', NULL, 1, NULL),
(1275, 15, 27, 4, 2, 0, NULL, 'li', '2024-01-11 21:28:53', NULL, 1, NULL),
(1276, 15, 27, 5, 1, 0, NULL, 'li', '2024-01-11 21:28:53', NULL, 1, NULL),
(1277, 15, 27, 6, 2, 0, NULL, 'li', '2024-01-11 21:28:53', NULL, 1, NULL),
(1278, 15, 27, 7, 2, 0, NULL, 'li', '2024-01-11 21:28:53', NULL, 1, NULL),
(1279, 15, 28, 1, 1, 0, NULL, 'li', '2024-01-11 21:28:53', NULL, 1, NULL),
(1280, 15, 28, 2, 2, 0, NULL, 'li', '2024-01-11 21:28:53', NULL, 1, NULL),
(1281, 15, 28, 3, 2, 0, NULL, 'li', '2024-01-11 21:28:53', NULL, 1, NULL),
(1282, 15, 28, 4, 3, 0, NULL, 'li', '2024-01-11 21:28:53', NULL, 1, NULL),
(1283, 15, 28, 5, 2, 0, NULL, 'li', '2024-01-11 21:28:53', NULL, 1, NULL),
(1284, 15, 28, 6, 3, 0, NULL, 'li', '2024-01-11 21:28:53', NULL, 1, NULL),
(1285, 15, 28, 7, 3, 0, NULL, 'li', '2024-01-11 21:28:53', NULL, 1, NULL),
(1286, 15, 29, 1, 3, 0, NULL, 'li', '2024-01-11 21:28:53', NULL, 1, NULL),
(1287, 15, 29, 2, 3, 0, NULL, 'li', '2024-01-11 21:28:53', NULL, 1, NULL),
(1288, 15, 29, 3, 3, 0, NULL, 'li', '2024-01-11 21:28:53', NULL, 1, NULL),
(1289, 15, 29, 4, 3, 0, NULL, 'li', '2024-01-11 21:28:53', NULL, 1, NULL),
(1290, 15, 29, 5, 3, 0, NULL, 'li', '2024-01-11 21:28:53', NULL, 1, NULL),
(1291, 15, 29, 6, 3, 0, NULL, 'li', '2024-01-11 21:28:53', NULL, 1, NULL),
(1292, 15, 29, 7, 3, 0, NULL, 'li', '2024-01-11 21:28:53', NULL, 1, NULL),
(1293, 15, 30, 1, 3, 0, NULL, 'li', '2024-01-11 21:28:53', NULL, 1, NULL),
(1294, 15, 30, 2, 3, 0, NULL, 'li', '2024-01-11 21:28:53', NULL, 1, NULL),
(1295, 15, 30, 3, 3, 0, NULL, 'li', '2024-01-11 21:28:53', NULL, 1, NULL),
(1296, 15, 30, 4, 3, 0, NULL, 'li', '2024-01-11 21:28:53', NULL, 1, NULL),
(1297, 15, 30, 5, 3, 0, NULL, 'li', '2024-01-11 21:28:53', NULL, 1, NULL),
(1298, 15, 30, 6, 3, 0, NULL, 'li', '2024-01-11 21:28:53', NULL, 1, NULL),
(1299, 15, 30, 7, 3, 0, NULL, 'li', '2024-01-11 21:28:53', NULL, 1, NULL),
(1300, 15, 31, 1, 0, 0, NULL, 'li', '2024-01-11 21:28:53', NULL, 1, NULL),
(1301, 15, 31, 2, 1, 0, NULL, 'li', '2024-01-11 21:28:53', NULL, 1, NULL),
(1302, 15, 31, 3, 2, 0, NULL, 'li', '2024-01-11 21:28:53', NULL, 1, NULL),
(1303, 15, 31, 4, 2, 0, NULL, 'li', '2024-01-11 21:28:53', NULL, 1, NULL),
(1304, 15, 31, 5, 1, 0, NULL, 'li', '2024-01-11 21:28:53', NULL, 1, NULL),
(1305, 15, 31, 6, 1, 0, NULL, 'li', '2024-01-11 21:28:53', NULL, 1, NULL),
(1306, 15, 31, 7, 2, 0, NULL, 'li', '2024-01-11 21:28:53', NULL, 1, NULL),
(1307, 15, 32, 1, 2, 0, NULL, 'li', '2024-01-11 21:28:53', NULL, 1, NULL),
(1308, 15, 32, 2, 3, 0, NULL, 'li', '2024-01-11 21:28:53', NULL, 1, NULL),
(1309, 15, 32, 3, 3, 0, NULL, 'li', '2024-01-11 21:28:53', NULL, 1, NULL),
(1310, 15, 32, 4, 3, 0, NULL, 'li', '2024-01-11 21:28:53', NULL, 1, NULL),
(1311, 15, 32, 5, 2, 0, NULL, 'li', '2024-01-11 21:28:53', NULL, 1, NULL),
(1312, 15, 32, 6, 3, 0, NULL, 'li', '2024-01-11 21:28:53', NULL, 1, NULL),
(1313, 15, 32, 7, 3, 0, NULL, 'li', '2024-01-11 21:28:53', NULL, 1, NULL),
(1314, 15, 33, 1, 1, 0, NULL, 'li', '2024-01-11 21:28:53', NULL, 1, NULL),
(1315, 15, 33, 2, 1, 0, NULL, 'li', '2024-01-11 21:28:53', NULL, 1, NULL),
(1316, 15, 33, 3, 1, 0, NULL, 'li', '2024-01-11 21:28:53', NULL, 1, NULL),
(1317, 15, 33, 4, 2, 0, NULL, 'li', '2024-01-11 21:28:53', NULL, 1, NULL),
(1318, 15, 33, 5, 1, 0, NULL, 'li', '2024-01-11 21:28:53', NULL, 1, NULL),
(1319, 15, 33, 6, 2, 0, NULL, 'li', '2024-01-11 21:28:53', NULL, 1, NULL),
(1320, 15, 33, 7, 2, 0, NULL, 'li', '2024-01-11 21:28:53', NULL, 1, NULL),
(1321, 16, 4, 8, 2, 2, 'PV Anlagen in Buchs (Hauptsitz) und E-Ladenstationen - E-Ladenstationen Filiale ZH - E-Autos für PL', 'ch', '2024-01-11 21:28:54', NULL, 1, NULL),
(1322, 16, 5, 8, 2, 2, NULL, 'ch', '2024-01-11 21:28:54', NULL, 1, NULL),
(1323, 16, 6, 8, 2, 2, NULL, 'ch', '2024-01-11 21:28:54', NULL, 1, NULL),
(1324, 16, 7, 8, 2, 1, 'Seit 1-Jahr E-Autos für PL', 'ch', '2024-01-11 21:28:54', NULL, 1, NULL),
(1325, 16, 8, 8, 2, 2, 'Lüftungsanlagen mit Wärmerückgewinnung - immer Stand der Technik ', 'ch', '2024-01-11 21:28:54', NULL, 1, NULL),
(1326, 16, 9, 8, 1, 0, NULL, 'ch', '2024-01-11 21:28:54', NULL, 1, NULL),
(1327, 16, 10, 8, 1, 0, NULL, 'ch', '2024-01-11 21:28:54', NULL, 1, NULL),
(1328, 16, 11, 8, 1, 0, 'Wir sind mit Verarbeitung ein Teil des Kreislaufwirtschaftsprinzipes, schwierig. Evtl. Mit Abfallminderung', 'ch', '2024-01-11 21:28:54', NULL, 1, NULL),
(1329, 16, 12, 8, 2, 0, NULL, 'ch', '2024-01-11 21:28:54', NULL, 1, NULL),
(1330, 16, 13, 8, 2, 0, NULL, 'ch', '2024-01-11 21:28:54', NULL, 1, NULL),
(1331, 16, 14, 8, 2, 0, NULL, 'ch', '2024-01-11 21:28:54', NULL, 1, NULL),
(1332, 16, 15, 8, 3, 2, NULL, 'ch', '2024-01-11 21:28:54', NULL, 1, NULL),
(1333, 16, 16, 8, 2, 0, 'Optimierungspotential bei uns enorm - täglich grosse Distanzen ', 'ch', '2024-01-11 21:28:54', NULL, 1, NULL),
(1334, 16, 17, 8, 1, 0, NULL, 'ch', '2024-01-11 21:28:54', NULL, 1, NULL),
(1335, 16, 18, 8, 1, 0, NULL, 'ch', '2024-01-11 21:28:54', NULL, 1, NULL),
(1336, 16, 19, 8, 1, 0, NULL, 'ch', '2024-01-11 21:28:54', NULL, 1, NULL),
(1337, 16, 20, 8, 3, 0, NULL, 'ch', '2024-01-11 21:28:54', NULL, 1, NULL),
(1338, 16, 21, 8, 3, 1, NULL, 'ch', '2024-01-11 21:28:54', NULL, 1, NULL),
(1339, 16, 22, 8, 3, 1, NULL, 'ch', '2024-01-11 21:28:55', NULL, 1, NULL),
(1340, 16, 23, 8, 3, 1, NULL, 'ch', '2024-01-11 21:28:55', NULL, 1, NULL),
(1341, 16, 24, 8, 2, 0, NULL, 'ch', '2024-01-11 21:28:55', NULL, 1, NULL),
(1342, 16, 25, 8, 1, 0, NULL, 'ch', '2024-01-11 21:28:55', NULL, 1, NULL),
(1343, 16, 26, 8, 3, 1, NULL, 'ch', '2024-01-11 21:28:55', NULL, 1, NULL),
(1344, 16, 27, 8, 1, 0, 'Für ein KMU in der HLK Branche wie wir sind folg. Massn. nicht realistisch bzw. Umsetzbar-Tragbar ', 'ch', '2024-01-11 21:28:55', NULL, 1, NULL),
(1345, 16, 28, 8, 1, 0, NULL, 'ch', '2024-01-11 21:28:55', NULL, 1, NULL),
(1346, 16, 29, 8, 1, 0, NULL, 'ch', '2024-01-11 21:28:55', NULL, 1, NULL),
(1347, 16, 30, 8, 1, 0, NULL, 'ch', '2024-01-11 21:28:55', NULL, 1, NULL),
(1348, 16, 31, 8, 1, 0, NULL, 'ch', '2024-01-11 21:28:55', NULL, 1, NULL),
(1349, 16, 32, 8, 1, 0, NULL, 'ch', '2024-01-11 21:28:55', NULL, 1, NULL),
(1350, 16, 33, 8, 1, 0, NULL, 'ch', '2024-01-11 21:28:55', NULL, 1, NULL),
(1351, 17, 4, 1, 1, 0, NULL, 'ch', '2024-01-11 21:28:55', NULL, 1, NULL),
(1352, 17, 4, 2, 2, 0, NULL, 'ch', '2024-01-11 21:28:55', NULL, 1, NULL),
(1353, 17, 4, 3, 1, 0, NULL, 'ch', '2024-01-11 21:28:55', NULL, 1, NULL),
(1354, 17, 4, 4, 2, 0, NULL, 'ch', '2024-01-11 21:28:55', NULL, 1, NULL),
(1355, 17, 4, 5, 2, 0, NULL, 'ch', '2024-01-11 21:28:55', NULL, 1, NULL),
(1356, 17, 4, 6, 3, 0, NULL, 'ch', '2024-01-11 21:28:55', NULL, 1, NULL),
(1357, 17, 4, 7, 3, 0, NULL, 'ch', '2024-01-11 21:28:55', NULL, 1, NULL),
(1358, 17, 5, 1, 1, 0, NULL, 'ch', '2024-01-11 21:28:56', NULL, 1, NULL),
(1359, 17, 5, 2, 2, 0, NULL, 'ch', '2024-01-11 21:28:56', NULL, 1, NULL),
(1360, 17, 5, 3, 1, 0, NULL, 'ch', '2024-01-11 21:28:56', NULL, 1, NULL),
(1361, 17, 5, 4, 0, 0, NULL, 'ch', '2024-01-11 21:28:56', NULL, 1, NULL),
(1362, 17, 5, 5, 2, 0, NULL, 'ch', '2024-01-11 21:28:56', NULL, 1, NULL),
(1363, 17, 5, 6, 2, 0, NULL, 'ch', '2024-01-11 21:28:56', NULL, 1, NULL),
(1364, 17, 5, 7, 1, 0, NULL, 'ch', '2024-01-11 21:28:56', NULL, 1, NULL),
(1365, 17, 6, 1, 1, 0, NULL, 'ch', '2024-01-11 21:28:56', NULL, 1, NULL),
(1366, 17, 6, 2, 2, 0, NULL, 'ch', '2024-01-11 21:28:56', NULL, 1, NULL),
(1367, 17, 6, 3, 2, 0, NULL, 'ch', '2024-01-11 21:28:56', NULL, 1, NULL),
(1368, 17, 6, 4, 2, 0, NULL, 'ch', '2024-01-11 21:28:56', NULL, 1, NULL),
(1369, 17, 6, 5, 3, 0, NULL, 'ch', '2024-01-11 21:28:56', NULL, 1, NULL),
(1370, 17, 6, 6, 3, 0, NULL, 'ch', '2024-01-11 21:28:56', NULL, 1, NULL),
(1371, 17, 6, 7, 3, 0, NULL, 'ch', '2024-01-11 21:28:56', NULL, 1, NULL),
(1372, 17, 7, 1, 1, 0, NULL, 'ch', '2024-01-11 21:28:56', NULL, 1, NULL),
(1373, 17, 7, 2, 2, 0, NULL, 'ch', '2024-01-11 21:28:56', NULL, 1, NULL),
(1374, 17, 7, 3, 2, 0, NULL, 'ch', '2024-01-11 21:28:56', NULL, 1, NULL),
(1375, 17, 7, 4, 2, 0, NULL, 'ch', '2024-01-11 21:28:56', NULL, 1, NULL),
(1376, 17, 7, 5, 2, 0, NULL, 'ch', '2024-01-11 21:28:56', NULL, 1, NULL),
(1377, 17, 7, 6, 2, 0, NULL, 'ch', '2024-01-11 21:28:56', NULL, 1, NULL),
(1378, 17, 7, 7, 2, 0, NULL, 'ch', '2024-01-11 21:28:56', NULL, 1, NULL),
(1379, 17, 8, 1, 2, 0, NULL, 'ch', '2024-01-11 21:28:56', NULL, 1, NULL),
(1380, 17, 8, 2, 3, 0, NULL, 'ch', '2024-01-11 21:28:56', NULL, 1, NULL),
(1381, 17, 8, 3, 3, 0, NULL, 'ch', '2024-01-11 21:28:56', NULL, 1, NULL),
(1382, 17, 8, 4, 2, 0, NULL, 'ch', '2024-01-11 21:28:56', NULL, 1, NULL),
(1383, 17, 8, 5, 3, 0, NULL, 'ch', '2024-01-11 21:28:56', NULL, 1, NULL),
(1384, 17, 8, 6, 2, 0, NULL, 'ch', '2024-01-11 21:28:56', NULL, 1, NULL),
(1385, 17, 8, 7, 2, 0, NULL, 'ch', '2024-01-11 21:28:56', NULL, 1, NULL),
(1386, 17, 9, 1, 1, 0, NULL, 'ch', '2024-01-11 21:28:56', NULL, 1, NULL),
(1387, 17, 9, 2, 2, 0, NULL, 'ch', '2024-01-11 21:28:56', NULL, 1, NULL),
(1388, 17, 9, 3, 2, 0, NULL, 'ch', '2024-01-11 21:28:56', NULL, 1, NULL),
(1389, 17, 9, 4, 2, 0, NULL, 'ch', '2024-01-11 21:28:56', NULL, 1, NULL),
(1390, 17, 9, 5, 3, 0, NULL, 'ch', '2024-01-11 21:28:56', NULL, 1, NULL),
(1391, 17, 9, 6, 2, 0, NULL, 'ch', '2024-01-11 21:28:56', NULL, 1, NULL),
(1392, 17, 9, 7, 3, 0, NULL, 'ch', '2024-01-11 21:28:56', NULL, 1, NULL),
(1393, 17, 10, 1, 1, 0, NULL, 'ch', '2024-01-11 21:28:56', NULL, 1, NULL),
(1394, 17, 10, 2, 3, 0, NULL, 'ch', '2024-01-11 21:28:56', NULL, 1, NULL),
(1395, 17, 10, 3, 2, 0, NULL, 'ch', '2024-01-11 21:28:56', NULL, 1, NULL),
(1396, 17, 10, 4, 3, 0, NULL, 'ch', '2024-01-11 21:28:56', NULL, 1, NULL),
(1397, 17, 10, 5, 3, 0, NULL, 'ch', '2024-01-11 21:28:56', NULL, 1, NULL),
(1398, 17, 10, 6, 2, 0, NULL, 'ch', '2024-01-11 21:28:56', NULL, 1, NULL),
(1399, 17, 10, 7, 3, 0, NULL, 'ch', '2024-01-11 21:28:56', NULL, 1, NULL),
(1400, 17, 11, 1, 1, 0, NULL, 'ch', '2024-01-11 21:28:56', NULL, 1, NULL),
(1401, 17, 11, 2, 2, 0, NULL, 'ch', '2024-01-11 21:28:56', NULL, 1, NULL),
(1402, 17, 11, 3, 2, 0, NULL, 'ch', '2024-01-11 21:28:56', NULL, 1, NULL),
(1403, 17, 11, 4, 1, 0, NULL, 'ch', '2024-01-11 21:28:56', NULL, 1, NULL),
(1404, 17, 11, 5, 1, 0, NULL, 'ch', '2024-01-11 21:28:56', NULL, 1, NULL),
(1405, 17, 11, 6, 2, 0, NULL, 'ch', '2024-01-11 21:28:56', NULL, 1, NULL),
(1406, 17, 11, 7, 2, 0, NULL, 'ch', '2024-01-11 21:28:56', NULL, 1, NULL),
(1407, 17, 12, 1, 1, 0, NULL, 'ch', '2024-01-11 21:28:57', NULL, 1, NULL),
(1408, 17, 12, 2, 3, 0, NULL, 'ch', '2024-01-11 21:28:57', NULL, 1, NULL),
(1409, 17, 12, 3, 3, 0, NULL, 'ch', '2024-01-11 21:28:57', NULL, 1, NULL),
(1410, 17, 12, 4, 2, 0, NULL, 'ch', '2024-01-11 21:28:57', NULL, 1, NULL),
(1411, 17, 12, 5, 2, 0, NULL, 'ch', '2024-01-11 21:28:57', NULL, 1, NULL),
(1412, 17, 12, 6, 2, 0, NULL, 'ch', '2024-01-11 21:28:57', NULL, 1, NULL),
(1413, 17, 12, 7, 2, 0, NULL, 'ch', '2024-01-11 21:28:57', NULL, 1, NULL),
(1414, 17, 13, 1, 3, 0, NULL, 'ch', '2024-01-11 21:28:57', NULL, 1, NULL),
(1415, 17, 13, 2, 2, 0, NULL, 'ch', '2024-01-11 21:28:57', NULL, 1, NULL),
(1416, 17, 13, 3, 2, 0, NULL, 'ch', '2024-01-11 21:28:57', NULL, 1, NULL),
(1417, 17, 13, 4, 1, 0, NULL, 'ch', '2024-01-11 21:28:57', NULL, 1, NULL),
(1418, 17, 13, 5, 1, 0, NULL, 'ch', '2024-01-11 21:28:57', NULL, 1, NULL),
(1419, 17, 13, 6, 2, 0, NULL, 'ch', '2024-01-11 21:28:57', NULL, 1, NULL),
(1420, 17, 13, 7, 2, 0, NULL, 'ch', '2024-01-11 21:28:57', NULL, 1, NULL),
(1421, 17, 14, 1, 1, 0, NULL, 'ch', '2024-01-11 21:28:57', NULL, 1, NULL),
(1422, 17, 14, 2, 2, 0, NULL, 'ch', '2024-01-11 21:28:57', NULL, 1, NULL),
(1423, 17, 14, 3, 3, 0, NULL, 'ch', '2024-01-11 21:28:57', NULL, 1, NULL),
(1424, 17, 14, 4, 2, 0, NULL, 'ch', '2024-01-11 21:28:57', NULL, 1, NULL),
(1425, 17, 14, 5, 1, 0, NULL, 'ch', '2024-01-11 21:28:57', NULL, 1, NULL),
(1426, 17, 14, 6, 2, 0, NULL, 'ch', '2024-01-11 21:28:57', NULL, 1, NULL),
(1427, 17, 14, 7, 2, 0, NULL, 'ch', '2024-01-11 21:28:57', NULL, 1, NULL),
(1428, 17, 15, 1, 1, 0, NULL, 'ch', '2024-01-11 21:28:57', NULL, 1, NULL),
(1429, 17, 15, 2, 3, 0, NULL, 'ch', '2024-01-11 21:28:57', NULL, 1, NULL),
(1430, 17, 15, 3, 3, 0, NULL, 'ch', '2024-01-11 21:28:57', NULL, 1, NULL),
(1431, 17, 15, 4, 1, 0, NULL, 'ch', '2024-01-11 21:28:57', NULL, 1, NULL),
(1432, 17, 15, 5, 3, 0, NULL, 'ch', '2024-01-11 21:28:57', NULL, 1, NULL),
(1433, 17, 15, 6, 3, 0, NULL, 'ch', '2024-01-11 21:28:57', NULL, 1, NULL),
(1434, 17, 15, 7, 3, 0, NULL, 'ch', '2024-01-11 21:28:57', NULL, 1, NULL),
(1435, 17, 16, 1, 2, 0, NULL, 'ch', '2024-01-11 21:28:57', NULL, 1, NULL),
(1436, 17, 16, 2, 1, 0, NULL, 'ch', '2024-01-11 21:28:57', NULL, 1, NULL),
(1437, 17, 16, 3, 0, 0, NULL, 'ch', '2024-01-11 21:28:57', NULL, 1, NULL),
(1438, 17, 16, 4, 0, 0, NULL, 'ch', '2024-01-11 21:28:57', NULL, 1, NULL),
(1439, 17, 16, 5, 2, 0, NULL, 'ch', '2024-01-11 21:28:57', NULL, 1, NULL),
(1440, 17, 16, 6, 2, 0, NULL, 'ch', '2024-01-11 21:28:57', NULL, 1, NULL),
(1441, 17, 16, 7, 2, 0, NULL, 'ch', '2024-01-11 21:28:57', NULL, 1, NULL),
(1442, 17, 17, 1, 1, 0, NULL, 'ch', '2024-01-11 21:28:57', NULL, 1, NULL),
(1443, 17, 17, 2, 3, 0, NULL, 'ch', '2024-01-11 21:28:57', NULL, 1, NULL),
(1444, 17, 17, 3, 2, 0, NULL, 'ch', '2024-01-11 21:28:57', NULL, 1, NULL),
(1445, 17, 17, 4, 1, 0, NULL, 'ch', '2024-01-11 21:28:57', NULL, 1, NULL),
(1446, 17, 17, 5, 2, 0, NULL, 'ch', '2024-01-11 21:28:57', NULL, 1, NULL),
(1447, 17, 17, 6, 2, 0, NULL, 'ch', '2024-01-11 21:28:57', NULL, 1, NULL),
(1448, 17, 17, 7, 3, 0, NULL, 'ch', '2024-01-11 21:28:57', NULL, 1, NULL),
(1449, 17, 18, 1, 3, 0, NULL, 'ch', '2024-01-11 21:28:57', NULL, 1, NULL),
(1450, 17, 18, 2, 3, 0, NULL, 'ch', '2024-01-11 21:28:57', NULL, 1, NULL),
(1451, 17, 18, 3, 2, 0, NULL, 'ch', '2024-01-11 21:28:57', NULL, 1, NULL),
(1452, 17, 18, 4, 1, 0, NULL, 'ch', '2024-01-11 21:28:57', NULL, 1, NULL),
(1453, 17, 18, 5, 1, 0, NULL, 'ch', '2024-01-11 21:28:58', NULL, 1, NULL),
(1454, 17, 18, 6, 2, 0, NULL, 'ch', '2024-01-11 21:28:58', NULL, 1, NULL),
(1455, 17, 18, 7, 2, 0, NULL, 'ch', '2024-01-11 21:28:58', NULL, 1, NULL),
(1456, 17, 19, 1, 1, 0, NULL, 'ch', '2024-01-11 21:28:58', NULL, 1, NULL),
(1457, 17, 19, 2, 2, 0, NULL, 'ch', '2024-01-11 21:28:58', NULL, 1, NULL),
(1458, 17, 19, 3, 1, 0, NULL, 'ch', '2024-01-11 21:28:58', NULL, 1, NULL),
(1459, 17, 19, 4, 0, 0, NULL, 'ch', '2024-01-11 21:28:58', NULL, 1, NULL),
(1460, 17, 19, 5, 3, 0, NULL, 'ch', '2024-01-11 21:28:58', NULL, 1, NULL),
(1461, 17, 19, 6, 2, 0, NULL, 'ch', '2024-01-11 21:28:58', NULL, 1, NULL),
(1462, 17, 19, 7, 3, 0, NULL, 'ch', '2024-01-11 21:28:58', NULL, 1, NULL),
(1463, 17, 20, 1, 3, 0, NULL, 'ch', '2024-01-11 21:28:58', NULL, 1, NULL),
(1464, 17, 20, 2, 2, 0, NULL, 'ch', '2024-01-11 21:28:58', NULL, 1, NULL),
(1465, 17, 20, 3, 1, 0, NULL, 'ch', '2024-01-11 21:28:58', NULL, 1, NULL),
(1466, 17, 20, 4, 0, 0, NULL, 'ch', '2024-01-11 21:28:58', NULL, 1, NULL),
(1467, 17, 20, 5, 1, 0, NULL, 'ch', '2024-01-11 21:28:58', NULL, 1, NULL),
(1468, 17, 20, 6, 3, 0, NULL, 'ch', '2024-01-11 21:28:58', NULL, 1, NULL),
(1469, 17, 20, 7, 2, 0, NULL, 'ch', '2024-01-11 21:28:58', NULL, 1, NULL),
(1470, 17, 21, 1, 3, 0, NULL, 'ch', '2024-01-11 21:28:58', NULL, 1, NULL),
(1471, 17, 21, 2, 3, 0, NULL, 'ch', '2024-01-11 21:28:58', NULL, 1, NULL),
(1472, 17, 21, 3, 2, 0, NULL, 'ch', '2024-01-11 21:28:58', NULL, 1, NULL),
(1473, 17, 21, 4, 1, 0, NULL, 'ch', '2024-01-11 21:28:58', NULL, 1, NULL),
(1474, 17, 21, 5, 2, 0, NULL, 'ch', '2024-01-11 21:28:58', NULL, 1, NULL),
(1475, 17, 21, 6, 3, 0, NULL, 'ch', '2024-01-11 21:28:58', NULL, 1, NULL),
(1476, 17, 21, 7, 3, 0, NULL, 'ch', '2024-01-11 21:28:58', NULL, 1, NULL),
(1477, 17, 22, 1, 3, 0, NULL, 'ch', '2024-01-11 21:28:58', NULL, 1, NULL),
(1478, 17, 22, 2, 2, 0, NULL, 'ch', '2024-01-11 21:28:58', NULL, 1, NULL),
(1479, 17, 22, 3, 1, 0, NULL, 'ch', '2024-01-11 21:28:58', NULL, 1, NULL),
(1480, 17, 22, 4, 0, 0, NULL, 'ch', '2024-01-11 21:28:58', NULL, 1, NULL),
(1481, 17, 22, 5, 3, 0, NULL, 'ch', '2024-01-11 21:28:58', NULL, 1, NULL),
(1482, 17, 22, 6, 2, 0, NULL, 'ch', '2024-01-11 21:28:58', NULL, 1, NULL),
(1483, 17, 22, 7, 3, 0, NULL, 'ch', '2024-01-11 21:28:58', NULL, 1, NULL),
(1484, 17, 23, 1, 3, 0, NULL, 'ch', '2024-01-11 21:28:58', NULL, 1, NULL),
(1485, 17, 23, 2, 3, 0, NULL, 'ch', '2024-01-11 21:28:58', NULL, 1, NULL),
(1486, 17, 23, 3, 0, 0, NULL, 'ch', '2024-01-11 21:28:58', NULL, 1, NULL),
(1487, 17, 23, 4, 0, 0, NULL, 'ch', '2024-01-11 21:28:58', NULL, 1, NULL),
(1488, 17, 23, 5, 2, 0, NULL, 'ch', '2024-01-11 21:28:58', NULL, 1, NULL),
(1489, 17, 23, 6, 2, 0, NULL, 'ch', '2024-01-11 21:28:58', NULL, 1, NULL),
(1490, 17, 23, 7, 3, 0, NULL, 'ch', '2024-01-11 21:28:58', NULL, 1, NULL),
(1491, 17, 24, 1, 3, 0, NULL, 'ch', '2024-01-11 21:28:58', NULL, 1, NULL),
(1492, 17, 24, 2, 2, 0, NULL, 'ch', '2024-01-11 21:28:59', NULL, 1, NULL),
(1493, 17, 24, 3, 0, 0, NULL, 'ch', '2024-01-11 21:28:59', NULL, 1, NULL),
(1494, 17, 24, 4, 0, 0, NULL, 'ch', '2024-01-11 21:28:59', NULL, 1, NULL),
(1495, 17, 24, 5, 3, 0, NULL, 'ch', '2024-01-11 21:28:59', NULL, 1, NULL),
(1496, 17, 24, 6, 2, 0, NULL, 'ch', '2024-01-11 21:28:59', NULL, 1, NULL),
(1497, 17, 24, 7, 3, 0, NULL, 'ch', '2024-01-11 21:28:59', NULL, 1, NULL),
(1498, 17, 25, 1, 1, 0, NULL, 'ch', '2024-01-11 21:28:59', NULL, 1, NULL),
(1499, 17, 25, 2, 3, 0, NULL, 'ch', '2024-01-11 21:28:59', NULL, 1, NULL),
(1500, 17, 25, 3, 3, 0, NULL, 'ch', '2024-01-11 21:28:59', NULL, 1, NULL),
(1501, 17, 25, 4, 2, 0, NULL, 'ch', '2024-01-11 21:28:59', NULL, 1, NULL),
(1502, 17, 25, 5, 1, 0, NULL, 'ch', '2024-01-11 21:28:59', NULL, 1, NULL),
(1503, 17, 25, 6, 2, 0, NULL, 'ch', '2024-01-11 21:28:59', NULL, 1, NULL),
(1504, 17, 25, 7, 3, 0, NULL, 'ch', '2024-01-11 21:28:59', NULL, 1, NULL),
(1505, 17, 26, 1, 3, 0, NULL, 'ch', '2024-01-11 21:28:59', NULL, 1, NULL),
(1506, 17, 26, 2, 3, 0, NULL, 'ch', '2024-01-11 21:28:59', NULL, 1, NULL),
(1507, 17, 26, 3, 3, 0, NULL, 'ch', '2024-01-11 21:28:59', NULL, 1, NULL),
(1508, 17, 26, 4, 0, 0, NULL, 'ch', '2024-01-11 21:28:59', NULL, 1, NULL),
(1509, 17, 26, 5, 1, 0, NULL, 'ch', '2024-01-11 21:28:59', NULL, 1, NULL),
(1510, 17, 26, 6, 1, 0, NULL, 'ch', '2024-01-11 21:28:59', NULL, 1, NULL),
(1511, 17, 26, 7, 1, 0, NULL, 'ch', '2024-01-11 21:28:59', NULL, 1, NULL),
(1512, 17, 27, 1, 2, 0, NULL, 'ch', '2024-01-11 21:28:59', NULL, 1, NULL),
(1513, 17, 27, 2, 3, 0, NULL, 'ch', '2024-01-11 21:28:59', NULL, 1, NULL),
(1514, 17, 27, 3, 1, 0, NULL, 'ch', '2024-01-11 21:28:59', NULL, 1, NULL),
(1515, 17, 27, 4, 1, 0, NULL, 'ch', '2024-01-11 21:28:59', NULL, 1, NULL),
(1516, 17, 27, 5, 3, 0, NULL, 'ch', '2024-01-11 21:28:59', NULL, 1, NULL),
(1517, 17, 27, 6, 3, 0, NULL, 'ch', '2024-01-11 21:28:59', NULL, 1, NULL);
INSERT INTO `ESG_QUESTIONAIRE_ANSWERS` (`ESG_QUESTIONAIRE_ANSWER_ID`, `ESG_QUESTIONAIRE_ID`, `ESG_MEASURE_ID`, `STAKEHOLDER_ID`, `ESG_QUESTIONAIRE_ANSWER_PRIORITY`, `ESG_QUESTIONAIRE_ANSWER_STATUS`, `ESG_QUESTIONAIRE_ANSWER_COMMENTS`, `ESG_QUESTIONAIRE_ANSWER_COUNTRY_ISO`, `ESG_QUESTIONAIRE_ANSWER_CREATED`, `ESG_QUESTIONAIRE_ANSWER_UPDATED`, `ESG_QUESTIONAIRE_ANSWER_CREATED_BY`, `ESG_QUESTIONAIRE_ANSWER_UPDATED_BY`) VALUES
(1518, 17, 27, 7, 3, 0, NULL, 'ch', '2024-01-11 21:28:59', NULL, 1, NULL),
(1519, 17, 28, 1, 2, 0, NULL, 'ch', '2024-01-11 21:28:59', NULL, 1, NULL),
(1520, 17, 28, 2, 2, 0, NULL, 'ch', '2024-01-11 21:28:59', NULL, 1, NULL),
(1521, 17, 28, 3, 1, 0, NULL, 'ch', '2024-01-11 21:28:59', NULL, 1, NULL),
(1522, 17, 28, 4, 1, 0, NULL, 'ch', '2024-01-11 21:28:59', NULL, 1, NULL),
(1523, 17, 28, 5, 2, 0, NULL, 'ch', '2024-01-11 21:28:59', NULL, 1, NULL),
(1524, 17, 28, 6, 3, 0, NULL, 'ch', '2024-01-11 21:28:59', NULL, 1, NULL),
(1525, 17, 28, 7, 3, 0, NULL, 'ch', '2024-01-11 21:28:59', NULL, 1, NULL),
(1526, 17, 29, 1, 2, 0, NULL, 'ch', '2024-01-11 21:28:59', NULL, 1, NULL),
(1527, 17, 29, 2, 2, 0, NULL, 'ch', '2024-01-11 21:28:59', NULL, 1, NULL),
(1528, 17, 29, 3, 1, 0, NULL, 'ch', '2024-01-11 21:28:59', NULL, 1, NULL),
(1529, 17, 29, 4, 1, 0, NULL, 'ch', '2024-01-11 21:28:59', NULL, 1, NULL),
(1530, 17, 29, 5, 1, 0, NULL, 'ch', '2024-01-11 21:28:59', NULL, 1, NULL),
(1531, 17, 29, 6, 3, 0, NULL, 'ch', '2024-01-11 21:28:59', NULL, 1, NULL),
(1532, 17, 29, 7, 1, 0, NULL, 'ch', '2024-01-11 21:28:59', NULL, 1, NULL),
(1533, 17, 30, 1, 1, 0, NULL, 'ch', '2024-01-11 21:28:59', NULL, 1, NULL),
(1534, 17, 30, 2, 2, 0, NULL, 'ch', '2024-01-11 21:28:59', NULL, 1, NULL),
(1535, 17, 30, 3, 1, 0, NULL, 'ch', '2024-01-11 21:29:00', NULL, 1, NULL),
(1536, 17, 30, 4, 1, 0, NULL, 'ch', '2024-01-11 21:29:00', NULL, 1, NULL),
(1537, 17, 30, 5, 2, 0, NULL, 'ch', '2024-01-11 21:29:00', NULL, 1, NULL),
(1538, 17, 30, 6, 3, 0, NULL, 'ch', '2024-01-11 21:29:00', NULL, 1, NULL),
(1539, 17, 30, 7, 3, 0, NULL, 'ch', '2024-01-11 21:29:00', NULL, 1, NULL),
(1540, 17, 31, 1, 1, 0, NULL, 'ch', '2024-01-11 21:29:00', NULL, 1, NULL),
(1541, 17, 31, 2, 2, 0, NULL, 'ch', '2024-01-11 21:29:00', NULL, 1, NULL),
(1542, 17, 31, 3, 2, 0, NULL, 'ch', '2024-01-11 21:29:00', NULL, 1, NULL),
(1543, 17, 31, 4, 1, 0, NULL, 'ch', '2024-01-11 21:29:00', NULL, 1, NULL),
(1544, 17, 31, 5, 2, 0, NULL, 'ch', '2024-01-11 21:29:00', NULL, 1, NULL),
(1545, 17, 31, 6, 3, 0, NULL, 'ch', '2024-01-11 21:29:00', NULL, 1, NULL),
(1546, 17, 31, 7, 3, 0, NULL, 'ch', '2024-01-11 21:29:00', NULL, 1, NULL),
(1547, 17, 32, 1, 2, 0, NULL, 'ch', '2024-01-11 21:29:00', NULL, 1, NULL),
(1548, 17, 32, 2, 2, 0, NULL, 'ch', '2024-01-11 21:29:00', NULL, 1, NULL),
(1549, 17, 32, 3, 1, 0, NULL, 'ch', '2024-01-11 21:29:00', NULL, 1, NULL),
(1550, 17, 32, 4, 1, 0, NULL, 'ch', '2024-01-11 21:29:00', NULL, 1, NULL),
(1551, 17, 32, 5, 1, 0, NULL, 'ch', '2024-01-11 21:29:00', NULL, 1, NULL),
(1552, 17, 32, 6, 3, 0, NULL, 'ch', '2024-01-11 21:29:00', NULL, 1, NULL),
(1553, 17, 32, 7, 2, 0, NULL, 'ch', '2024-01-11 21:29:00', NULL, 1, NULL),
(1554, 17, 33, 1, 1, 0, NULL, 'ch', '2024-01-11 21:29:00', NULL, 1, NULL),
(1555, 17, 33, 2, 1, 0, NULL, 'ch', '2024-01-11 21:29:00', NULL, 1, NULL),
(1556, 17, 33, 3, 1, 0, NULL, 'ch', '2024-01-11 21:29:00', NULL, 1, NULL),
(1557, 17, 33, 4, 1, 0, NULL, 'ch', '2024-01-11 21:29:00', NULL, 1, NULL),
(1558, 17, 33, 5, 2, 0, NULL, 'ch', '2024-01-11 21:29:00', NULL, 1, NULL),
(1559, 17, 33, 6, 2, 0, NULL, 'ch', '2024-01-11 21:29:00', NULL, 1, NULL),
(1560, 17, 33, 7, 2, 0, NULL, 'ch', '2024-01-11 21:29:00', NULL, 1, NULL),
(1561, 18, 4, 8, 3, 2, NULL, 'ch', '2024-01-11 21:29:00', NULL, 1, NULL),
(1562, 18, 5, 8, 3, 3, NULL, 'ch', '2024-01-11 21:29:00', NULL, 1, NULL),
(1563, 18, 6, 8, 2, 1, NULL, 'ch', '2024-01-11 21:29:00', NULL, 1, NULL),
(1564, 18, 7, 8, 3, 1, NULL, 'ch', '2024-01-11 21:29:01', NULL, 1, NULL),
(1565, 18, 8, 8, 2, 0, NULL, 'ch', '2024-01-11 21:29:01', NULL, 1, NULL),
(1566, 18, 9, 8, 2, 1, NULL, 'ch', '2024-01-11 21:29:01', NULL, 1, NULL),
(1567, 18, 10, 8, 3, 0, NULL, 'ch', '2024-01-11 21:29:01', NULL, 1, NULL),
(1568, 18, 11, 8, 3, 2, NULL, 'ch', '2024-01-11 21:29:01', NULL, 1, NULL),
(1569, 18, 12, 8, 3, 0, NULL, 'ch', '2024-01-11 21:29:01', NULL, 1, NULL),
(1570, 18, 13, 8, 2, 0, NULL, 'ch', '2024-01-11 21:29:01', NULL, 1, NULL),
(1571, 18, 14, 8, 3, 0, NULL, 'ch', '2024-01-11 21:29:01', NULL, 1, NULL),
(1572, 18, 15, 8, 3, 2, NULL, 'ch', '2024-01-11 21:29:01', NULL, 1, NULL),
(1573, 18, 16, 8, 2, 0, NULL, 'ch', '2024-01-11 21:29:01', NULL, 1, NULL),
(1574, 18, 17, 8, 2, 0, NULL, 'ch', '2024-01-11 21:29:01', NULL, 1, NULL),
(1575, 18, 18, 8, 3, 1, NULL, 'ch', '2024-01-11 21:29:01', NULL, 1, NULL),
(1576, 18, 19, 8, 1, 0, NULL, 'ch', '2024-01-11 21:29:01', NULL, 1, NULL),
(1577, 18, 20, 8, 2, 1, NULL, 'ch', '2024-01-11 21:29:01', NULL, 1, NULL),
(1578, 18, 21, 8, 2, 2, NULL, 'ch', '2024-01-11 21:29:01', NULL, 1, NULL),
(1579, 18, 22, 8, 3, 3, NULL, 'ch', '2024-01-11 21:29:01', NULL, 1, NULL),
(1580, 18, 23, 8, 3, 3, NULL, 'ch', '2024-01-11 21:29:01', NULL, 1, NULL),
(1581, 18, 24, 8, 2, 1, NULL, 'ch', '2024-01-11 21:29:01', NULL, 1, NULL),
(1582, 18, 25, 8, 3, 1, NULL, 'ch', '2024-01-11 21:29:01', NULL, 1, NULL),
(1583, 18, 26, 8, 2, 0, NULL, 'ch', '2024-01-11 21:29:01', NULL, 1, NULL),
(1584, 18, 27, 8, 2, 0, NULL, 'ch', '2024-01-11 21:29:02', NULL, 1, NULL),
(1585, 18, 28, 8, 2, 0, NULL, 'ch', '2024-01-11 21:29:02', NULL, 1, NULL),
(1586, 18, 29, 8, 3, 2, NULL, 'ch', '2024-01-11 21:29:02', NULL, 1, NULL),
(1587, 18, 30, 8, 3, 0, NULL, 'ch', '2024-01-11 21:29:02', NULL, 1, NULL),
(1588, 18, 31, 8, 3, 0, NULL, 'ch', '2024-01-11 21:29:02', NULL, 1, NULL),
(1589, 18, 32, 8, 3, 0, NULL, 'ch', '2024-01-11 21:29:02', NULL, 1, NULL),
(1590, 18, 33, 8, 3, 0, NULL, 'ch', '2024-01-11 21:29:02', NULL, 1, NULL),
(1591, 19, 4, 1, 3, 0, NULL, 'ch', '2024-01-11 21:29:02', NULL, 1, NULL),
(1592, 19, 4, 2, 3, 0, NULL, 'ch', '2024-01-11 21:29:02', NULL, 1, NULL),
(1593, 19, 4, 3, 3, 0, NULL, 'ch', '2024-01-11 21:29:02', NULL, 1, NULL),
(1594, 19, 4, 4, 3, 0, NULL, 'ch', '2024-01-11 21:29:02', NULL, 1, NULL),
(1595, 19, 4, 5, 2, 0, NULL, 'ch', '2024-01-11 21:29:02', NULL, 1, NULL),
(1596, 19, 4, 6, 3, 0, NULL, 'ch', '2024-01-11 21:29:02', NULL, 1, NULL),
(1597, 19, 4, 7, 3, 0, NULL, 'ch', '2024-01-11 21:29:02', NULL, 1, NULL),
(1598, 19, 5, 1, 3, 0, NULL, 'ch', '2024-01-11 21:29:02', NULL, 1, NULL),
(1599, 19, 5, 2, 3, 0, NULL, 'ch', '2024-01-11 21:29:02', NULL, 1, NULL),
(1600, 19, 5, 3, 3, 0, NULL, 'ch', '2024-01-11 21:29:02', NULL, 1, NULL),
(1601, 19, 5, 4, 3, 0, NULL, 'ch', '2024-01-11 21:29:02', NULL, 1, NULL),
(1602, 19, 5, 5, 3, 0, NULL, 'ch', '2024-01-11 21:29:02', NULL, 1, NULL),
(1603, 19, 5, 6, 3, 0, NULL, 'ch', '2024-01-11 21:29:02', NULL, 1, NULL),
(1604, 19, 5, 7, 3, 0, NULL, 'ch', '2024-01-11 21:29:02', NULL, 1, NULL),
(1605, 19, 6, 1, 2, 0, NULL, 'ch', '2024-01-11 21:29:02', NULL, 1, NULL),
(1606, 19, 6, 2, 2, 0, NULL, 'ch', '2024-01-11 21:29:02', NULL, 1, NULL),
(1607, 19, 6, 3, 2, 0, NULL, 'ch', '2024-01-11 21:29:02', NULL, 1, NULL),
(1608, 19, 6, 4, 2, 0, NULL, 'ch', '2024-01-11 21:29:02', NULL, 1, NULL),
(1609, 19, 6, 5, 2, 0, NULL, 'ch', '2024-01-11 21:29:02', NULL, 1, NULL),
(1610, 19, 6, 6, 2, 0, NULL, 'ch', '2024-01-11 21:29:02', NULL, 1, NULL),
(1611, 19, 6, 7, 2, 0, NULL, 'ch', '2024-01-11 21:29:02', NULL, 1, NULL),
(1612, 19, 7, 1, 1, 0, NULL, 'ch', '2024-01-11 21:29:02', NULL, 1, NULL),
(1613, 19, 7, 2, 2, 0, NULL, 'ch', '2024-01-11 21:29:02', NULL, 1, NULL),
(1614, 19, 7, 3, 2, 0, NULL, 'ch', '2024-01-11 21:29:02', NULL, 1, NULL),
(1615, 19, 7, 4, 2, 0, NULL, 'ch', '2024-01-11 21:29:02', NULL, 1, NULL),
(1616, 19, 7, 5, 2, 0, NULL, 'ch', '2024-01-11 21:29:02', NULL, 1, NULL),
(1617, 19, 7, 6, 1, 0, NULL, 'ch', '2024-01-11 21:29:02', NULL, 1, NULL),
(1618, 19, 7, 7, 2, 0, NULL, 'ch', '2024-01-11 21:29:02', NULL, 1, NULL),
(1619, 19, 8, 1, 1, 0, NULL, 'ch', '2024-01-11 21:29:03', NULL, 1, NULL),
(1620, 19, 8, 2, 2, 0, NULL, 'ch', '2024-01-11 21:29:03', NULL, 1, NULL),
(1621, 19, 8, 3, 2, 0, NULL, 'ch', '2024-01-11 21:29:03', NULL, 1, NULL),
(1622, 19, 8, 4, 2, 0, NULL, 'ch', '2024-01-11 21:29:03', NULL, 1, NULL),
(1623, 19, 8, 5, 2, 0, NULL, 'ch', '2024-01-11 21:29:03', NULL, 1, NULL),
(1624, 19, 8, 6, 2, 0, NULL, 'ch', '2024-01-11 21:29:03', NULL, 1, NULL),
(1625, 19, 8, 7, 2, 0, NULL, 'ch', '2024-01-11 21:29:03', NULL, 1, NULL),
(1626, 19, 9, 1, 1, 0, NULL, 'ch', '2024-01-11 21:29:03', NULL, 1, NULL),
(1627, 19, 9, 2, 2, 0, NULL, 'ch', '2024-01-11 21:29:03', NULL, 1, NULL),
(1628, 19, 9, 3, 2, 0, NULL, 'ch', '2024-01-11 21:29:03', NULL, 1, NULL),
(1629, 19, 9, 4, 3, 0, NULL, 'ch', '2024-01-11 21:29:03', NULL, 1, NULL),
(1630, 19, 9, 5, 2, 0, NULL, 'ch', '2024-01-11 21:29:03', NULL, 1, NULL),
(1631, 19, 9, 6, 2, 0, NULL, 'ch', '2024-01-11 21:29:03', NULL, 1, NULL),
(1632, 19, 9, 7, 3, 0, NULL, 'ch', '2024-01-11 21:29:03', NULL, 1, NULL),
(1633, 19, 10, 1, 3, 0, NULL, 'ch', '2024-01-11 21:29:03', NULL, 1, NULL),
(1634, 19, 10, 2, 3, 0, NULL, 'ch', '2024-01-11 21:29:03', NULL, 1, NULL),
(1635, 19, 10, 3, 3, 0, NULL, 'ch', '2024-01-11 21:29:03', NULL, 1, NULL),
(1636, 19, 10, 4, 3, 0, NULL, 'ch', '2024-01-11 21:29:03', NULL, 1, NULL),
(1637, 19, 10, 5, 3, 0, NULL, 'ch', '2024-01-11 21:29:03', NULL, 1, NULL),
(1638, 19, 10, 6, 3, 0, NULL, 'ch', '2024-01-11 21:29:03', NULL, 1, NULL),
(1639, 19, 10, 7, 3, 0, NULL, 'ch', '2024-01-11 21:29:03', NULL, 1, NULL),
(1640, 19, 11, 1, 2, 0, NULL, 'ch', '2024-01-11 21:29:03', NULL, 1, NULL),
(1641, 19, 11, 2, 3, 0, NULL, 'ch', '2024-01-11 21:29:03', NULL, 1, NULL),
(1642, 19, 11, 3, 3, 0, NULL, 'ch', '2024-01-11 21:29:03', NULL, 1, NULL),
(1643, 19, 11, 4, 3, 0, NULL, 'ch', '2024-01-11 21:29:03', NULL, 1, NULL),
(1644, 19, 11, 5, 2, 0, NULL, 'ch', '2024-01-11 21:29:03', NULL, 1, NULL),
(1645, 19, 11, 6, 2, 0, NULL, 'ch', '2024-01-11 21:29:03', NULL, 1, NULL),
(1646, 19, 11, 7, 2, 0, NULL, 'ch', '2024-01-11 21:29:03', NULL, 1, NULL),
(1647, 19, 12, 1, 3, 0, NULL, 'ch', '2024-01-11 21:29:03', NULL, 1, NULL),
(1648, 19, 12, 2, 3, 0, NULL, 'ch', '2024-01-11 21:29:03', NULL, 1, NULL),
(1649, 19, 12, 3, 3, 0, NULL, 'ch', '2024-01-11 21:29:03', NULL, 1, NULL),
(1650, 19, 12, 4, 3, 0, NULL, 'ch', '2024-01-11 21:29:03', NULL, 1, NULL),
(1651, 19, 12, 5, 3, 0, NULL, 'ch', '2024-01-11 21:29:03', NULL, 1, NULL),
(1652, 19, 12, 6, 3, 0, NULL, 'ch', '2024-01-11 21:29:03', NULL, 1, NULL),
(1653, 19, 12, 7, 2, 0, NULL, 'ch', '2024-01-11 21:29:03', NULL, 1, NULL),
(1654, 19, 13, 1, 2, 0, NULL, 'ch', '2024-01-11 21:29:03', NULL, 1, NULL),
(1655, 19, 13, 2, 2, 0, NULL, 'ch', '2024-01-11 21:29:03', NULL, 1, NULL),
(1656, 19, 13, 3, 2, 0, NULL, 'ch', '2024-01-11 21:29:03', NULL, 1, NULL),
(1657, 19, 13, 4, 2, 0, NULL, 'ch', '2024-01-11 21:29:03', NULL, 1, NULL),
(1658, 19, 13, 5, 2, 0, NULL, 'ch', '2024-01-11 21:29:03', NULL, 1, NULL),
(1659, 19, 13, 6, 2, 0, NULL, 'ch', '2024-01-11 21:29:03', NULL, 1, NULL),
(1660, 19, 13, 7, 2, 0, NULL, 'ch', '2024-01-11 21:29:03', NULL, 1, NULL),
(1661, 19, 14, 1, 2, 0, NULL, 'ch', '2024-01-11 21:29:03', NULL, 1, NULL),
(1662, 19, 14, 2, 3, 0, NULL, 'ch', '2024-01-11 21:29:03', NULL, 1, NULL),
(1663, 19, 14, 3, 3, 0, NULL, 'ch', '2024-01-11 21:29:03', NULL, 1, NULL),
(1664, 19, 14, 4, 3, 0, NULL, 'ch', '2024-01-11 21:29:03', NULL, 1, NULL),
(1665, 19, 14, 5, 2, 0, NULL, 'ch', '2024-01-11 21:29:04', NULL, 1, NULL),
(1666, 19, 14, 6, 2, 0, NULL, 'ch', '2024-01-11 21:29:04', NULL, 1, NULL),
(1667, 19, 14, 7, 2, 0, NULL, 'ch', '2024-01-11 21:29:04', NULL, 1, NULL),
(1668, 19, 15, 1, 2, 0, NULL, 'ch', '2024-01-11 21:29:04', NULL, 1, NULL),
(1669, 19, 15, 2, 3, 0, NULL, 'ch', '2024-01-11 21:29:04', NULL, 1, NULL),
(1670, 19, 15, 3, 3, 0, NULL, 'ch', '2024-01-11 21:29:04', NULL, 1, NULL),
(1671, 19, 15, 4, 3, 0, NULL, 'ch', '2024-01-11 21:29:04', NULL, 1, NULL),
(1672, 19, 15, 5, 2, 0, NULL, 'ch', '2024-01-11 21:29:04', NULL, 1, NULL),
(1673, 19, 15, 6, 2, 0, NULL, 'ch', '2024-01-11 21:29:04', NULL, 1, NULL),
(1674, 19, 15, 7, 3, 0, NULL, 'ch', '2024-01-11 21:29:04', NULL, 1, NULL),
(1675, 19, 16, 1, 2, 0, NULL, 'ch', '2024-01-11 21:29:04', NULL, 1, NULL),
(1676, 19, 16, 2, 2, 0, NULL, 'ch', '2024-01-11 21:29:04', NULL, 1, NULL),
(1677, 19, 16, 3, 3, 0, NULL, 'ch', '2024-01-11 21:29:04', NULL, 1, NULL),
(1678, 19, 16, 4, 2, 0, NULL, 'ch', '2024-01-11 21:29:04', NULL, 1, NULL),
(1679, 19, 16, 5, 2, 0, NULL, 'ch', '2024-01-11 21:29:04', NULL, 1, NULL),
(1680, 19, 16, 6, 2, 0, NULL, 'ch', '2024-01-11 21:29:04', NULL, 1, NULL),
(1681, 19, 16, 7, 2, 0, NULL, 'ch', '2024-01-11 21:29:04', NULL, 1, NULL),
(1682, 19, 17, 1, 2, 0, NULL, 'ch', '2024-01-11 21:29:04', NULL, 1, NULL),
(1683, 19, 17, 2, 2, 0, NULL, 'ch', '2024-01-11 21:29:04', NULL, 1, NULL),
(1684, 19, 17, 3, 3, 0, NULL, 'ch', '2024-01-11 21:29:04', NULL, 1, NULL),
(1685, 19, 17, 4, 3, 0, NULL, 'ch', '2024-01-11 21:29:04', NULL, 1, NULL),
(1686, 19, 17, 5, 2, 0, NULL, 'ch', '2024-01-11 21:29:04', NULL, 1, NULL),
(1687, 19, 17, 6, 3, 0, NULL, 'ch', '2024-01-11 21:29:04', NULL, 1, NULL),
(1688, 19, 17, 7, 2, 0, NULL, 'ch', '2024-01-11 21:29:04', NULL, 1, NULL),
(1689, 19, 18, 1, 3, 0, NULL, 'ch', '2024-01-11 21:29:04', NULL, 1, NULL),
(1690, 19, 18, 2, 3, 0, NULL, 'ch', '2024-01-11 21:29:04', NULL, 1, NULL),
(1691, 19, 18, 3, 3, 0, NULL, 'ch', '2024-01-11 21:29:04', NULL, 1, NULL),
(1692, 19, 18, 4, 3, 0, NULL, 'ch', '2024-01-11 21:29:04', NULL, 1, NULL),
(1693, 19, 18, 5, 2, 0, NULL, 'ch', '2024-01-11 21:29:04', NULL, 1, NULL),
(1694, 19, 18, 6, 3, 0, NULL, 'ch', '2024-01-11 21:29:04', NULL, 1, NULL),
(1695, 19, 18, 7, 3, 0, NULL, 'ch', '2024-01-11 21:29:04', NULL, 1, NULL),
(1696, 19, 19, 1, 1, 0, NULL, 'ch', '2024-01-11 21:29:04', NULL, 1, NULL),
(1697, 19, 19, 2, 2, 0, NULL, 'ch', '2024-01-11 21:29:04', NULL, 1, NULL),
(1698, 19, 19, 3, 2, 0, NULL, 'ch', '2024-01-11 21:29:04', NULL, 1, NULL),
(1699, 19, 19, 4, 2, 0, NULL, 'ch', '2024-01-11 21:29:04', NULL, 1, NULL),
(1700, 19, 19, 5, 2, 0, NULL, 'ch', '2024-01-11 21:29:04', NULL, 1, NULL),
(1701, 19, 19, 6, 2, 0, NULL, 'ch', '2024-01-11 21:29:04', NULL, 1, NULL),
(1702, 19, 19, 7, 3, 0, NULL, 'ch', '2024-01-11 21:29:04', NULL, 1, NULL),
(1703, 19, 20, 1, 2, 0, NULL, 'ch', '2024-01-11 21:29:04', NULL, 1, NULL),
(1704, 19, 20, 2, 2, 0, NULL, 'ch', '2024-01-11 21:29:04', NULL, 1, NULL),
(1705, 19, 20, 3, 2, 0, NULL, 'ch', '2024-01-11 21:29:04', NULL, 1, NULL),
(1706, 19, 20, 4, 3, 0, NULL, 'ch', '2024-01-11 21:29:04', NULL, 1, NULL),
(1707, 19, 20, 5, 2, 0, NULL, 'ch', '2024-01-11 21:29:04', NULL, 1, NULL),
(1708, 19, 20, 6, 3, 0, NULL, 'ch', '2024-01-11 21:29:04', NULL, 1, NULL),
(1709, 19, 20, 7, 2, 0, NULL, 'ch', '2024-01-11 21:29:04', NULL, 1, NULL),
(1710, 19, 21, 1, 2, 0, NULL, 'ch', '2024-01-11 21:29:05', NULL, 1, NULL),
(1711, 19, 21, 2, 3, 0, NULL, 'ch', '2024-01-11 21:29:05', NULL, 1, NULL),
(1712, 19, 21, 3, 2, 0, NULL, 'ch', '2024-01-11 21:29:05', NULL, 1, NULL),
(1713, 19, 21, 4, 3, 0, NULL, 'ch', '2024-01-11 21:29:05', NULL, 1, NULL),
(1714, 19, 21, 5, 2, 0, NULL, 'ch', '2024-01-11 21:29:05', NULL, 1, NULL),
(1715, 19, 21, 6, 3, 0, NULL, 'ch', '2024-01-11 21:29:05', NULL, 1, NULL),
(1716, 19, 21, 7, 1, 0, NULL, 'ch', '2024-01-11 21:29:05', NULL, 1, NULL),
(1717, 19, 22, 1, 2, 0, NULL, 'ch', '2024-01-11 21:29:05', NULL, 1, NULL),
(1718, 19, 22, 2, 3, 0, NULL, 'ch', '2024-01-11 21:29:05', NULL, 1, NULL),
(1719, 19, 22, 3, 3, 0, NULL, 'ch', '2024-01-11 21:29:05', NULL, 1, NULL),
(1720, 19, 22, 4, 3, 0, NULL, 'ch', '2024-01-11 21:29:05', NULL, 1, NULL),
(1721, 19, 22, 5, 3, 0, NULL, 'ch', '2024-01-11 21:29:05', NULL, 1, NULL),
(1722, 19, 22, 6, 3, 0, NULL, 'ch', '2024-01-11 21:29:05', NULL, 1, NULL),
(1723, 19, 22, 7, 3, 0, NULL, 'ch', '2024-01-11 21:29:05', NULL, 1, NULL),
(1724, 19, 23, 1, 3, 0, NULL, 'ch', '2024-01-11 21:29:05', NULL, 1, NULL),
(1725, 19, 23, 2, 2, 0, NULL, 'ch', '2024-01-11 21:29:05', NULL, 1, NULL),
(1726, 19, 23, 3, 2, 0, NULL, 'ch', '2024-01-11 21:29:05', NULL, 1, NULL),
(1727, 19, 23, 4, 3, 0, NULL, 'ch', '2024-01-11 21:29:05', NULL, 1, NULL),
(1728, 19, 23, 5, 2, 0, NULL, 'ch', '2024-01-11 21:29:05', NULL, 1, NULL),
(1729, 19, 23, 6, 2, 0, NULL, 'ch', '2024-01-11 21:29:05', NULL, 1, NULL),
(1730, 19, 23, 7, 3, 0, NULL, 'ch', '2024-01-11 21:29:05', NULL, 1, NULL),
(1731, 19, 24, 1, 1, 0, NULL, 'ch', '2024-01-11 21:29:05', NULL, 1, NULL),
(1732, 19, 24, 2, 2, 0, NULL, 'ch', '2024-01-11 21:29:05', NULL, 1, NULL),
(1733, 19, 24, 3, 2, 0, NULL, 'ch', '2024-01-11 21:29:05', NULL, 1, NULL),
(1734, 19, 24, 4, 1, 0, NULL, 'ch', '2024-01-11 21:29:05', NULL, 1, NULL),
(1735, 19, 24, 5, 2, 0, NULL, 'ch', '2024-01-11 21:29:05', NULL, 1, NULL),
(1736, 19, 24, 6, 2, 0, NULL, 'ch', '2024-01-11 21:29:05', NULL, 1, NULL),
(1737, 19, 24, 7, 2, 0, NULL, 'ch', '2024-01-11 21:29:05', NULL, 1, NULL),
(1738, 19, 25, 1, 1, 0, NULL, 'ch', '2024-01-11 21:29:05', NULL, 1, NULL),
(1739, 19, 25, 2, 3, 0, NULL, 'ch', '2024-01-11 21:29:05', NULL, 1, NULL),
(1740, 19, 25, 3, 3, 0, NULL, 'ch', '2024-01-11 21:29:05', NULL, 1, NULL),
(1741, 19, 25, 4, 3, 0, NULL, 'ch', '2024-01-11 21:29:05', NULL, 1, NULL),
(1742, 19, 25, 5, 2, 0, NULL, 'ch', '2024-01-11 21:29:05', NULL, 1, NULL),
(1743, 19, 25, 6, 3, 0, NULL, 'ch', '2024-01-11 21:29:05', NULL, 1, NULL),
(1744, 19, 25, 7, 2, 0, NULL, 'ch', '2024-01-11 21:29:05', NULL, 1, NULL),
(1745, 19, 26, 1, 2, 0, NULL, 'ch', '2024-01-11 21:29:05', NULL, 1, NULL),
(1746, 19, 26, 2, 2, 0, NULL, 'ch', '2024-01-11 21:29:05', NULL, 1, NULL),
(1747, 19, 26, 3, 2, 0, NULL, 'ch', '2024-01-11 21:29:05', NULL, 1, NULL),
(1748, 19, 26, 4, 2, 0, NULL, 'ch', '2024-01-11 21:29:05', NULL, 1, NULL),
(1749, 19, 26, 5, 2, 0, NULL, 'ch', '2024-01-11 21:29:05', NULL, 1, NULL),
(1750, 19, 26, 6, 3, 0, NULL, 'ch', '2024-01-11 21:29:05', NULL, 1, NULL),
(1751, 19, 26, 7, 2, 0, NULL, 'ch', '2024-01-11 21:29:05', NULL, 1, NULL),
(1752, 19, 27, 1, 2, 0, NULL, 'ch', '2024-01-11 21:29:05', NULL, 1, NULL),
(1753, 19, 27, 2, 2, 0, NULL, 'ch', '2024-01-11 21:29:05', NULL, 1, NULL),
(1754, 19, 27, 3, 2, 0, NULL, 'ch', '2024-01-11 21:29:05', NULL, 1, NULL),
(1755, 19, 27, 4, 2, 0, NULL, 'ch', '2024-01-11 21:29:05', NULL, 1, NULL),
(1756, 19, 27, 5, 2, 0, NULL, 'ch', '2024-01-11 21:29:05', NULL, 1, NULL),
(1757, 19, 27, 6, 2, 0, NULL, 'ch', '2024-01-11 21:29:05', NULL, 1, NULL),
(1758, 19, 27, 7, 3, 0, NULL, 'ch', '2024-01-11 21:29:06', NULL, 1, NULL),
(1759, 19, 28, 1, 2, 0, NULL, 'ch', '2024-01-11 21:29:06', NULL, 1, NULL),
(1760, 19, 28, 2, 3, 0, NULL, 'ch', '2024-01-11 21:29:06', NULL, 1, NULL),
(1761, 19, 28, 3, 3, 0, NULL, 'ch', '2024-01-11 21:29:06', NULL, 1, NULL),
(1762, 19, 28, 4, 3, 0, NULL, 'ch', '2024-01-11 21:29:06', NULL, 1, NULL),
(1763, 19, 28, 5, 3, 0, NULL, 'ch', '2024-01-11 21:29:06', NULL, 1, NULL),
(1764, 19, 28, 6, 3, 0, NULL, 'ch', '2024-01-11 21:29:06', NULL, 1, NULL),
(1765, 19, 28, 7, 2, 0, NULL, 'ch', '2024-01-11 21:29:06', NULL, 1, NULL),
(1766, 19, 29, 1, 3, 0, NULL, 'ch', '2024-01-11 21:29:06', NULL, 1, NULL),
(1767, 19, 29, 2, 3, 0, NULL, 'ch', '2024-01-11 21:29:06', NULL, 1, NULL),
(1768, 19, 29, 3, 3, 0, NULL, 'ch', '2024-01-11 21:29:06', NULL, 1, NULL),
(1769, 19, 29, 4, 3, 0, NULL, 'ch', '2024-01-11 21:29:06', NULL, 1, NULL),
(1770, 19, 29, 5, 3, 0, NULL, 'ch', '2024-01-11 21:29:06', NULL, 1, NULL),
(1771, 19, 29, 6, 3, 0, NULL, 'ch', '2024-01-11 21:29:06', NULL, 1, NULL),
(1772, 19, 29, 7, 3, 0, NULL, 'ch', '2024-01-11 21:29:06', NULL, 1, NULL),
(1773, 19, 30, 1, 3, 0, NULL, 'ch', '2024-01-11 21:29:06', NULL, 1, NULL),
(1774, 19, 30, 2, 3, 0, NULL, 'ch', '2024-01-11 21:29:06', NULL, 1, NULL),
(1775, 19, 30, 3, 3, 0, NULL, 'ch', '2024-01-11 21:29:06', NULL, 1, NULL),
(1776, 19, 30, 4, 3, 0, NULL, 'ch', '2024-01-11 21:29:06', NULL, 1, NULL),
(1777, 19, 30, 5, 2, 0, NULL, 'ch', '2024-01-11 21:29:06', NULL, 1, NULL),
(1778, 19, 30, 6, 3, 0, NULL, 'ch', '2024-01-11 21:29:06', NULL, 1, NULL),
(1779, 19, 30, 7, 3, 0, NULL, 'ch', '2024-01-11 21:29:06', NULL, 1, NULL),
(1780, 19, 31, 1, 3, 0, NULL, 'ch', '2024-01-11 21:29:06', NULL, 1, NULL),
(1781, 19, 31, 2, 2, 0, NULL, 'ch', '2024-01-11 21:29:06', NULL, 1, NULL),
(1782, 19, 31, 3, 3, 0, NULL, 'ch', '2024-01-11 21:29:06', NULL, 1, NULL),
(1783, 19, 31, 4, 3, 0, NULL, 'ch', '2024-01-11 21:29:06', NULL, 1, NULL),
(1784, 19, 31, 5, 3, 0, NULL, 'ch', '2024-01-11 21:29:06', NULL, 1, NULL),
(1785, 19, 31, 6, 3, 0, NULL, 'ch', '2024-01-11 21:29:06', NULL, 1, NULL),
(1786, 19, 31, 7, 3, 0, NULL, 'ch', '2024-01-11 21:29:06', NULL, 1, NULL),
(1787, 19, 32, 1, 3, 0, NULL, 'ch', '2024-01-11 21:29:06', NULL, 1, NULL),
(1788, 19, 32, 2, 3, 0, NULL, 'ch', '2024-01-11 21:29:06', NULL, 1, NULL),
(1789, 19, 32, 3, 3, 0, NULL, 'ch', '2024-01-11 21:29:06', NULL, 1, NULL),
(1790, 19, 32, 4, 3, 0, NULL, 'ch', '2024-01-11 21:29:06', NULL, 1, NULL),
(1791, 19, 32, 5, 3, 0, NULL, 'ch', '2024-01-11 21:29:06', NULL, 1, NULL),
(1792, 19, 32, 6, 3, 0, NULL, 'ch', '2024-01-11 21:29:06', NULL, 1, NULL),
(1793, 19, 32, 7, 2, 0, NULL, 'ch', '2024-01-11 21:29:06', NULL, 1, NULL),
(1794, 19, 33, 1, 2, 0, NULL, 'ch', '2024-01-11 21:29:06', NULL, 1, NULL),
(1795, 19, 33, 2, 2, 0, NULL, 'ch', '2024-01-11 21:29:06', NULL, 1, NULL),
(1796, 19, 33, 3, 2, 0, NULL, 'ch', '2024-01-11 21:29:06', NULL, 1, NULL),
(1797, 19, 33, 4, 2, 0, NULL, 'ch', '2024-01-11 21:29:06', NULL, 1, NULL),
(1798, 19, 33, 5, 2, 0, NULL, 'ch', '2024-01-11 21:29:06', NULL, 1, NULL),
(1799, 19, 33, 6, 2, 0, NULL, 'ch', '2024-01-11 21:29:06', NULL, 1, NULL),
(1800, 19, 33, 7, 2, 0, NULL, 'ch', '2024-01-11 21:29:06', NULL, 1, NULL),
(2071, 23, 4, 8, 2, 3, NULL, 'li', '2024-01-11 21:29:15', NULL, 1, NULL),
(2072, 23, 5, 8, 2, 3, NULL, 'li', '2024-01-11 21:29:15', NULL, 1, NULL),
(2073, 23, 6, 8, 2, 1, NULL, 'li', '2024-01-11 21:29:15', NULL, 1, NULL),
(2074, 23, 7, 8, 2, 1, NULL, 'li', '2024-01-11 21:29:15', NULL, 1, NULL),
(2075, 23, 8, 8, 2, 2, NULL, 'li', '2024-01-11 21:29:15', NULL, 1, NULL),
(2076, 23, 9, 8, 0, 0, NULL, 'li', '2024-01-11 21:29:15', NULL, 1, NULL),
(2077, 23, 10, 8, 1, 1, NULL, 'li', '2024-01-11 21:29:15', NULL, 1, NULL),
(2078, 23, 11, 8, 0, 1, NULL, 'li', '2024-01-11 21:29:15', NULL, 1, NULL),
(2079, 23, 12, 8, 0, 0, NULL, 'li', '2024-01-11 21:29:15', NULL, 1, NULL),
(2080, 23, 13, 8, 0, 0, NULL, 'li', '2024-01-11 21:29:15', NULL, 1, NULL),
(2081, 23, 14, 8, 2, 1, NULL, 'li', '2024-01-11 21:29:15', NULL, 1, NULL),
(2082, 23, 15, 8, 2, 2, NULL, 'li', '2024-01-11 21:29:15', NULL, 1, NULL),
(2083, 23, 16, 8, 2, 0, NULL, 'li', '2024-01-11 21:29:15', NULL, 1, NULL),
(2084, 23, 17, 8, 1, 0, NULL, 'li', '2024-01-11 21:29:15', NULL, 1, NULL),
(2085, 23, 18, 8, 2, 1, NULL, 'li', '2024-01-11 21:29:15', NULL, 1, NULL),
(2086, 23, 19, 8, 0, 0, NULL, 'li', '2024-01-11 21:29:15', NULL, 1, NULL),
(2087, 23, 20, 8, 1, 0, NULL, 'li', '2024-01-11 21:29:15', NULL, 1, NULL),
(2088, 23, 21, 8, 2, 2, NULL, 'li', '2024-01-11 21:29:15', NULL, 1, NULL),
(2089, 23, 22, 8, 2, 1, NULL, 'li', '2024-01-11 21:29:15', NULL, 1, NULL),
(2090, 23, 23, 8, 2, 1, NULL, 'li', '2024-01-11 21:29:16', NULL, 1, NULL),
(2091, 23, 24, 8, 0, 0, NULL, 'li', '2024-01-11 21:29:16', NULL, 1, NULL),
(2092, 23, 25, 8, 1, 0, NULL, 'li', '2024-01-11 21:29:16', NULL, 1, NULL),
(2093, 23, 26, 8, 2, 1, NULL, 'li', '2024-01-11 21:29:16', NULL, 1, NULL),
(2094, 23, 27, 8, 1, 1, NULL, 'li', '2024-01-11 21:29:16', NULL, 1, NULL),
(2095, 23, 28, 8, 2, 1, NULL, 'li', '2024-01-11 21:29:16', NULL, 1, NULL),
(2096, 23, 29, 8, 1, 0, NULL, 'li', '2024-01-11 21:29:16', NULL, 1, NULL),
(2097, 23, 30, 8, 0, 0, NULL, 'li', '2024-01-11 21:29:16', NULL, 1, NULL),
(2098, 23, 31, 8, 0, 0, NULL, 'li', '2024-01-11 21:29:16', NULL, 1, NULL),
(2099, 23, 32, 8, 1, 1, NULL, 'li', '2024-01-11 21:29:16', NULL, 1, NULL),
(2100, 23, 33, 8, 1, 1, NULL, 'li', '2024-01-11 21:29:16', NULL, 1, NULL),
(2101, 24, 4, 1, 0, 0, NULL, 'li', '2024-01-11 21:29:16', NULL, 1, NULL),
(2102, 24, 4, 2, 3, 0, NULL, 'li', '2024-01-11 21:29:16', NULL, 1, NULL),
(2103, 24, 4, 3, 0, 0, NULL, 'li', '2024-01-11 21:29:16', NULL, 1, NULL),
(2104, 24, 4, 4, 1, 0, NULL, 'li', '2024-01-11 21:29:16', NULL, 1, NULL),
(2105, 24, 4, 5, 2, 0, NULL, 'li', '2024-01-11 21:29:16', NULL, 1, NULL),
(2106, 24, 4, 6, 1, 0, NULL, 'li', '2024-01-11 21:29:16', NULL, 1, NULL),
(2107, 24, 4, 7, 1, 0, NULL, 'li', '2024-01-11 21:29:16', NULL, 1, NULL),
(2108, 24, 5, 1, 1, 0, NULL, 'li', '2024-01-11 21:29:16', NULL, 1, NULL),
(2109, 24, 5, 2, 3, 0, NULL, 'li', '2024-01-11 21:29:16', NULL, 1, NULL),
(2110, 24, 5, 3, 1, 0, NULL, 'li', '2024-01-11 21:29:16', NULL, 1, NULL),
(2111, 24, 5, 4, 1, 0, NULL, 'li', '2024-01-11 21:29:16', NULL, 1, NULL),
(2112, 24, 5, 5, 0, 0, NULL, 'li', '2024-01-11 21:29:16', NULL, 1, NULL),
(2113, 24, 5, 6, 1, 0, NULL, 'li', '2024-01-11 21:29:16', NULL, 1, NULL),
(2114, 24, 5, 7, 1, 0, NULL, 'li', '2024-01-11 21:29:16', NULL, 1, NULL),
(2115, 24, 6, 1, 0, 0, NULL, 'li', '2024-01-11 21:29:16', NULL, 1, NULL),
(2116, 24, 6, 2, 3, 0, NULL, 'li', '2024-01-11 21:29:16', NULL, 1, NULL),
(2117, 24, 6, 3, 1, 0, NULL, 'li', '2024-01-11 21:29:16', NULL, 1, NULL),
(2118, 24, 6, 4, 1, 0, NULL, 'li', '2024-01-11 21:29:16', NULL, 1, NULL),
(2119, 24, 6, 5, 1, 0, NULL, 'li', '2024-01-11 21:29:16', NULL, 1, NULL),
(2120, 24, 6, 6, 0, 0, NULL, 'li', '2024-01-11 21:29:16', NULL, 1, NULL),
(2121, 24, 6, 7, 1, 0, NULL, 'li', '2024-01-11 21:29:17', NULL, 1, NULL),
(2122, 24, 7, 1, 1, 0, NULL, 'li', '2024-01-11 21:29:17', NULL, 1, NULL),
(2123, 24, 7, 2, 2, 0, NULL, 'li', '2024-01-11 21:29:17', NULL, 1, NULL),
(2124, 24, 7, 3, 0, 0, NULL, 'li', '2024-01-11 21:29:17', NULL, 1, NULL),
(2125, 24, 7, 4, 0, 0, NULL, 'li', '2024-01-11 21:29:17', NULL, 1, NULL),
(2126, 24, 7, 5, 1, 0, NULL, 'li', '2024-01-11 21:29:17', NULL, 1, NULL),
(2127, 24, 7, 6, 0, 0, NULL, 'li', '2024-01-11 21:29:17', NULL, 1, NULL),
(2128, 24, 7, 7, 1, 0, NULL, 'li', '2024-01-11 21:29:17', NULL, 1, NULL),
(2129, 24, 8, 1, 1, 0, NULL, 'li', '2024-01-11 21:29:17', NULL, 1, NULL),
(2130, 24, 8, 2, 2, 0, NULL, 'li', '2024-01-11 21:29:17', NULL, 1, NULL),
(2131, 24, 8, 3, 0, 0, NULL, 'li', '2024-01-11 21:29:17', NULL, 1, NULL),
(2132, 24, 8, 4, 1, 0, NULL, 'li', '2024-01-11 21:29:17', NULL, 1, NULL),
(2133, 24, 8, 5, 1, 0, NULL, 'li', '2024-01-11 21:29:17', NULL, 1, NULL),
(2134, 24, 8, 6, 0, 0, NULL, 'li', '2024-01-11 21:29:17', NULL, 1, NULL),
(2135, 24, 8, 7, 0, 0, NULL, 'li', '2024-01-11 21:29:17', NULL, 1, NULL),
(2136, 24, 9, 1, 0, 0, NULL, 'li', '2024-01-11 21:29:17', NULL, 1, NULL),
(2137, 24, 9, 2, 0, 0, NULL, 'li', '2024-01-11 21:29:17', NULL, 1, NULL),
(2138, 24, 9, 3, 0, 0, NULL, 'li', '2024-01-11 21:29:17', NULL, 1, NULL),
(2139, 24, 9, 4, 0, 0, NULL, 'li', '2024-01-11 21:29:17', NULL, 1, NULL),
(2140, 24, 9, 5, 0, 0, NULL, 'li', '2024-01-11 21:29:17', NULL, 1, NULL),
(2141, 24, 9, 6, 0, 0, NULL, 'li', '2024-01-11 21:29:17', NULL, 1, NULL),
(2142, 24, 9, 7, 0, 0, NULL, 'li', '2024-01-11 21:29:17', NULL, 1, NULL),
(2143, 24, 10, 1, 0, 0, NULL, 'li', '2024-01-11 21:29:17', NULL, 1, NULL),
(2144, 24, 10, 2, 1, 0, NULL, 'li', '2024-01-11 21:29:17', NULL, 1, NULL),
(2145, 24, 10, 3, 0, 0, NULL, 'li', '2024-01-11 21:29:17', NULL, 1, NULL),
(2146, 24, 10, 4, 0, 0, NULL, 'li', '2024-01-11 21:29:17', NULL, 1, NULL),
(2147, 24, 10, 5, 0, 0, NULL, 'li', '2024-01-11 21:29:17', NULL, 1, NULL),
(2148, 24, 10, 6, 0, 0, NULL, 'li', '2024-01-11 21:29:17', NULL, 1, NULL),
(2149, 24, 10, 7, 0, 0, NULL, 'li', '2024-01-11 21:29:17', NULL, 1, NULL),
(2150, 24, 11, 1, 0, 0, NULL, 'li', '2024-01-11 21:29:17', NULL, 1, NULL),
(2151, 24, 11, 2, 0, 0, NULL, 'li', '2024-01-11 21:29:17', NULL, 1, NULL),
(2152, 24, 11, 3, 0, 0, NULL, 'li', '2024-01-11 21:29:17', NULL, 1, NULL),
(2153, 24, 11, 4, 0, 0, NULL, 'li', '2024-01-11 21:29:17', NULL, 1, NULL),
(2154, 24, 11, 5, 0, 0, NULL, 'li', '2024-01-11 21:29:17', NULL, 1, NULL),
(2155, 24, 11, 6, 0, 0, NULL, 'li', '2024-01-11 21:29:17', NULL, 1, NULL),
(2156, 24, 11, 7, 0, 0, NULL, 'li', '2024-01-11 21:29:17', NULL, 1, NULL),
(2157, 24, 12, 1, 1, 0, NULL, 'li', '2024-01-11 21:29:17', NULL, 1, NULL),
(2158, 24, 12, 2, 3, 0, NULL, 'li', '2024-01-11 21:29:17', NULL, 1, NULL),
(2159, 24, 12, 3, 0, 0, NULL, 'li', '2024-01-11 21:29:17', NULL, 1, NULL),
(2160, 24, 12, 4, 2, 0, NULL, 'li', '2024-01-11 21:29:18', NULL, 1, NULL),
(2161, 24, 12, 5, 1, 0, NULL, 'li', '2024-01-11 21:29:18', NULL, 1, NULL),
(2162, 24, 12, 6, 0, 0, NULL, 'li', '2024-01-11 21:29:18', NULL, 1, NULL),
(2163, 24, 12, 7, 0, 0, NULL, 'li', '2024-01-11 21:29:18', NULL, 1, NULL),
(2164, 24, 13, 1, 1, 0, NULL, 'li', '2024-01-11 21:29:18', NULL, 1, NULL),
(2165, 24, 13, 2, 1, 0, NULL, 'li', '2024-01-11 21:29:18', NULL, 1, NULL),
(2166, 24, 13, 3, 0, 0, NULL, 'li', '2024-01-11 21:29:18', NULL, 1, NULL),
(2167, 24, 13, 4, 0, 0, NULL, 'li', '2024-01-11 21:29:18', NULL, 1, NULL),
(2168, 24, 13, 5, 1, 0, NULL, 'li', '2024-01-11 21:29:18', NULL, 1, NULL),
(2169, 24, 13, 6, 0, 0, NULL, 'li', '2024-01-11 21:29:18', NULL, 1, NULL),
(2170, 24, 13, 7, 1, 0, NULL, 'li', '2024-01-11 21:29:18', NULL, 1, NULL),
(2171, 24, 14, 1, 0, 0, NULL, 'li', '2024-01-11 21:29:18', NULL, 1, NULL),
(2172, 24, 14, 2, 1, 0, NULL, 'li', '2024-01-11 21:29:18', NULL, 1, NULL),
(2173, 24, 14, 3, 0, 0, NULL, 'li', '2024-01-11 21:29:18', NULL, 1, NULL),
(2174, 24, 14, 4, 1, 0, NULL, 'li', '2024-01-11 21:29:18', NULL, 1, NULL),
(2175, 24, 14, 5, 0, 0, NULL, 'li', '2024-01-11 21:29:18', NULL, 1, NULL),
(2176, 24, 14, 6, 0, 0, NULL, 'li', '2024-01-11 21:29:18', NULL, 1, NULL),
(2177, 24, 14, 7, 0, 0, NULL, 'li', '2024-01-11 21:29:18', NULL, 1, NULL),
(2178, 24, 15, 1, 0, 0, NULL, 'li', '2024-01-11 21:29:18', NULL, 1, NULL),
(2179, 24, 15, 2, 2, 0, NULL, 'li', '2024-01-11 21:29:18', NULL, 1, NULL),
(2180, 24, 15, 3, 1, 0, NULL, 'li', '2024-01-11 21:29:18', NULL, 1, NULL),
(2181, 24, 15, 4, 1, 0, NULL, 'li', '2024-01-11 21:29:18', NULL, 1, NULL),
(2182, 24, 15, 5, 1, 0, NULL, 'li', '2024-01-11 21:29:18', NULL, 1, NULL),
(2183, 24, 15, 6, 0, 0, NULL, 'li', '2024-01-11 21:29:18', NULL, 1, NULL),
(2184, 24, 15, 7, 0, 0, NULL, 'li', '2024-01-11 21:29:18', NULL, 1, NULL),
(2185, 24, 16, 1, 1, 0, NULL, 'li', '2024-01-11 21:29:18', NULL, 1, NULL),
(2186, 24, 16, 2, 0, 0, NULL, 'li', '2024-01-11 21:29:18', NULL, 1, NULL),
(2187, 24, 16, 3, 0, 0, NULL, 'li', '2024-01-11 21:29:18', NULL, 1, NULL),
(2188, 24, 16, 4, 0, 0, NULL, 'li', '2024-01-11 21:29:18', NULL, 1, NULL),
(2189, 24, 16, 5, 1, 0, NULL, 'li', '2024-01-11 21:29:18', NULL, 1, NULL),
(2190, 24, 16, 6, 0, 0, NULL, 'li', '2024-01-11 21:29:18', NULL, 1, NULL),
(2191, 24, 16, 7, 0, 0, NULL, 'li', '2024-01-11 21:29:18', NULL, 1, NULL),
(2192, 24, 17, 1, 0, 0, NULL, 'li', '2024-01-11 21:29:18', NULL, 1, NULL),
(2193, 24, 17, 2, 1, 0, NULL, 'li', '2024-01-11 21:29:18', NULL, 1, NULL),
(2194, 24, 17, 3, 0, 0, NULL, 'li', '2024-01-11 21:29:18', NULL, 1, NULL),
(2195, 24, 17, 4, 0, 0, NULL, 'li', '2024-01-11 21:29:18', NULL, 1, NULL),
(2196, 24, 17, 5, 1, 0, NULL, 'li', '2024-01-11 21:29:18', NULL, 1, NULL),
(2197, 24, 17, 6, 0, 0, NULL, 'li', '2024-01-11 21:29:18', NULL, 1, NULL),
(2198, 24, 17, 7, 0, 0, NULL, 'li', '2024-01-11 21:29:18', NULL, 1, NULL),
(2199, 24, 18, 1, 1, 0, NULL, 'li', '2024-01-11 21:29:18', NULL, 1, NULL),
(2200, 24, 18, 2, 2, 0, NULL, 'li', '2024-01-11 21:29:18', NULL, 1, NULL),
(2201, 24, 18, 3, 0, 0, NULL, 'li', '2024-01-11 21:29:18', NULL, 1, NULL),
(2202, 24, 18, 4, 0, 0, NULL, 'li', '2024-01-11 21:29:18', NULL, 1, NULL),
(2203, 24, 18, 5, 1, 0, NULL, 'li', '2024-01-11 21:29:19', NULL, 1, NULL),
(2204, 24, 18, 6, 0, 0, NULL, 'li', '2024-01-11 21:29:19', NULL, 1, NULL),
(2205, 24, 18, 7, 0, 0, NULL, 'li', '2024-01-11 21:29:19', NULL, 1, NULL),
(2206, 24, 19, 1, 0, 0, NULL, 'li', '2024-01-11 21:29:19', NULL, 1, NULL),
(2207, 24, 19, 2, 2, 0, NULL, 'li', '2024-01-11 21:29:19', NULL, 1, NULL),
(2208, 24, 19, 3, 0, 0, NULL, 'li', '2024-01-11 21:29:19', NULL, 1, NULL),
(2209, 24, 19, 4, 0, 0, NULL, 'li', '2024-01-11 21:29:19', NULL, 1, NULL),
(2210, 24, 19, 5, 0, 0, NULL, 'li', '2024-01-11 21:29:19', NULL, 1, NULL),
(2211, 24, 19, 6, 0, 0, NULL, 'li', '2024-01-11 21:29:19', NULL, 1, NULL),
(2212, 24, 19, 7, 0, 0, NULL, 'li', '2024-01-11 21:29:19', NULL, 1, NULL),
(2213, 24, 20, 1, 1, 0, NULL, 'li', '2024-01-11 21:29:19', NULL, 1, NULL),
(2214, 24, 20, 2, 0, 0, NULL, 'li', '2024-01-11 21:29:19', NULL, 1, NULL),
(2215, 24, 20, 3, 0, 0, NULL, 'li', '2024-01-11 21:29:19', NULL, 1, NULL),
(2216, 24, 20, 4, 0, 0, NULL, 'li', '2024-01-11 21:29:19', NULL, 1, NULL),
(2217, 24, 20, 5, 0, 0, NULL, 'li', '2024-01-11 21:29:19', NULL, 1, NULL),
(2218, 24, 20, 6, 0, 0, NULL, 'li', '2024-01-11 21:29:19', NULL, 1, NULL),
(2219, 24, 20, 7, 0, 0, NULL, 'li', '2024-01-11 21:29:19', NULL, 1, NULL),
(2220, 24, 21, 1, 2, 0, NULL, 'li', '2024-01-11 21:29:19', NULL, 1, NULL),
(2221, 24, 21, 2, 2, 0, NULL, 'li', '2024-01-11 21:29:19', NULL, 1, NULL),
(2222, 24, 21, 3, 0, 0, NULL, 'li', '2024-01-11 21:29:19', NULL, 1, NULL),
(2223, 24, 21, 4, 0, 0, NULL, 'li', '2024-01-11 21:29:19', NULL, 1, NULL),
(2224, 24, 21, 5, 1, 0, NULL, 'li', '2024-01-11 21:29:19', NULL, 1, NULL),
(2225, 24, 21, 6, 0, 0, NULL, 'li', '2024-01-11 21:29:19', NULL, 1, NULL),
(2226, 24, 21, 7, 1, 0, NULL, 'li', '2024-01-11 21:29:19', NULL, 1, NULL),
(2227, 24, 22, 1, 1, 0, NULL, 'li', '2024-01-11 21:29:19', NULL, 1, NULL),
(2228, 24, 22, 2, 1, 0, NULL, 'li', '2024-01-11 21:29:19', NULL, 1, NULL),
(2229, 24, 22, 3, 0, 0, NULL, 'li', '2024-01-11 21:29:19', NULL, 1, NULL),
(2230, 24, 22, 4, 0, 0, NULL, 'li', '2024-01-11 21:29:19', NULL, 1, NULL),
(2231, 24, 22, 5, 0, 0, NULL, 'li', '2024-01-11 21:29:19', NULL, 1, NULL),
(2232, 24, 22, 6, 0, 0, NULL, 'li', '2024-01-11 21:29:19', NULL, 1, NULL),
(2233, 24, 22, 7, 1, 0, NULL, 'li', '2024-01-11 21:29:19', NULL, 1, NULL),
(2234, 24, 23, 1, 2, 0, NULL, 'li', '2024-01-11 21:29:19', NULL, 1, NULL),
(2235, 24, 23, 2, 2, 0, NULL, 'li', '2024-01-11 21:29:19', NULL, 1, NULL),
(2236, 24, 23, 3, 0, 0, NULL, 'li', '2024-01-11 21:29:19', NULL, 1, NULL),
(2237, 24, 23, 4, 2, 0, NULL, 'li', '2024-01-11 21:29:19', NULL, 1, NULL),
(2238, 24, 23, 5, 1, 0, NULL, 'li', '2024-01-11 21:29:19', NULL, 1, NULL),
(2239, 24, 23, 6, 0, 0, NULL, 'li', '2024-01-11 21:29:19', NULL, 1, NULL),
(2240, 24, 23, 7, 2, 0, NULL, 'li', '2024-01-11 21:29:19', NULL, 1, NULL),
(2241, 24, 24, 1, 0, 0, NULL, 'li', '2024-01-11 21:29:19', NULL, 1, NULL),
(2242, 24, 24, 2, 0, 0, NULL, 'li', '2024-01-11 21:29:19', NULL, 1, NULL),
(2243, 24, 24, 3, 0, 0, NULL, 'li', '2024-01-11 21:29:19', NULL, 1, NULL),
(2244, 24, 24, 4, 0, 0, NULL, 'li', '2024-01-11 21:29:19', NULL, 1, NULL),
(2245, 24, 24, 5, 0, 0, NULL, 'li', '2024-01-11 21:29:19', NULL, 1, NULL),
(2246, 24, 24, 6, 0, 0, NULL, 'li', '2024-01-11 21:29:19', NULL, 1, NULL),
(2247, 24, 24, 7, 1, 0, NULL, 'li', '2024-01-11 21:29:19', NULL, 1, NULL),
(2248, 24, 25, 1, 0, 0, NULL, 'li', '2024-01-11 21:29:19', NULL, 1, NULL),
(2249, 24, 25, 2, 0, 0, NULL, 'li', '2024-01-11 21:29:19', NULL, 1, NULL),
(2250, 24, 25, 3, 0, 0, NULL, 'li', '2024-01-11 21:29:20', NULL, 1, NULL),
(2251, 24, 25, 4, 0, 0, NULL, 'li', '2024-01-11 21:29:20', NULL, 1, NULL),
(2252, 24, 25, 5, 0, 0, NULL, 'li', '2024-01-11 21:29:20', NULL, 1, NULL),
(2253, 24, 25, 6, 0, 0, NULL, 'li', '2024-01-11 21:29:20', NULL, 1, NULL),
(2254, 24, 25, 7, 0, 0, NULL, 'li', '2024-01-11 21:29:20', NULL, 1, NULL),
(2255, 24, 26, 1, 2, 0, NULL, 'li', '2024-01-11 21:29:20', NULL, 1, NULL),
(2256, 24, 26, 2, 2, 0, NULL, 'li', '2024-01-11 21:29:20', NULL, 1, NULL),
(2257, 24, 26, 3, 1, 0, NULL, 'li', '2024-01-11 21:29:20', NULL, 1, NULL),
(2258, 24, 26, 4, 1, 0, NULL, 'li', '2024-01-11 21:29:20', NULL, 1, NULL),
(2259, 24, 26, 5, 1, 0, NULL, 'li', '2024-01-11 21:29:20', NULL, 1, NULL),
(2260, 24, 26, 6, 1, 0, NULL, 'li', '2024-01-11 21:29:20', NULL, 1, NULL),
(2261, 24, 26, 7, 1, 0, NULL, 'li', '2024-01-11 21:29:20', NULL, 1, NULL),
(2262, 24, 27, 1, 1, 0, NULL, 'li', '2024-01-11 21:29:20', NULL, 1, NULL),
(2263, 24, 27, 2, 1, 0, NULL, 'li', '2024-01-11 21:29:20', NULL, 1, NULL),
(2264, 24, 27, 3, 0, 0, NULL, 'li', '2024-01-11 21:29:20', NULL, 1, NULL),
(2265, 24, 27, 4, 0, 0, NULL, 'li', '2024-01-11 21:29:20', NULL, 1, NULL),
(2266, 24, 27, 5, 0, 0, NULL, 'li', '2024-01-11 21:29:20', NULL, 1, NULL),
(2267, 24, 27, 6, 0, 0, NULL, 'li', '2024-01-11 21:29:20', NULL, 1, NULL),
(2268, 24, 27, 7, 0, 0, NULL, 'li', '2024-01-11 21:29:20', NULL, 1, NULL),
(2269, 24, 28, 1, 0, 0, NULL, 'li', '2024-01-11 21:29:20', NULL, 1, NULL),
(2270, 24, 28, 2, 0, 0, NULL, 'li', '2024-01-11 21:29:20', NULL, 1, NULL),
(2271, 24, 28, 3, 0, 0, NULL, 'li', '2024-01-11 21:29:20', NULL, 1, NULL),
(2272, 24, 28, 4, 0, 0, NULL, 'li', '2024-01-11 21:29:20', NULL, 1, NULL),
(2273, 24, 28, 5, 0, 0, NULL, 'li', '2024-01-11 21:29:20', NULL, 1, NULL),
(2274, 24, 28, 6, 0, 0, NULL, 'li', '2024-01-11 21:29:20', NULL, 1, NULL),
(2275, 24, 28, 7, 0, 0, NULL, 'li', '2024-01-11 21:29:20', NULL, 1, NULL),
(2276, 24, 29, 1, 1, 0, NULL, 'li', '2024-01-11 21:29:20', NULL, 1, NULL),
(2277, 24, 29, 2, 1, 0, NULL, 'li', '2024-01-11 21:29:20', NULL, 1, NULL),
(2278, 24, 29, 3, 0, 0, NULL, 'li', '2024-01-11 21:29:20', NULL, 1, NULL),
(2279, 24, 29, 4, 1, 0, NULL, 'li', '2024-01-11 21:29:20', NULL, 1, NULL),
(2280, 24, 29, 5, 1, 0, NULL, 'li', '2024-01-11 21:29:20', NULL, 1, NULL),
(2281, 24, 29, 6, 1, 0, NULL, 'li', '2024-01-11 21:29:20', NULL, 1, NULL),
(2282, 24, 29, 7, 0, 0, NULL, 'li', '2024-01-11 21:29:20', NULL, 1, NULL),
(2283, 24, 30, 1, 2, 0, NULL, 'li', '2024-01-11 21:29:20', NULL, 1, NULL),
(2284, 24, 30, 2, 1, 0, NULL, 'li', '2024-01-11 21:29:20', NULL, 1, NULL),
(2285, 24, 30, 3, 0, 0, NULL, 'li', '2024-01-11 21:29:20', NULL, 1, NULL),
(2286, 24, 30, 4, 0, 0, NULL, 'li', '2024-01-11 21:29:20', NULL, 1, NULL),
(2287, 24, 30, 5, 0, 0, NULL, 'li', '2024-01-11 21:29:20', NULL, 1, NULL),
(2288, 24, 30, 6, 0, 0, NULL, 'li', '2024-01-11 21:29:20', NULL, 1, NULL),
(2289, 24, 30, 7, 0, 0, NULL, 'li', '2024-01-11 21:29:20', NULL, 1, NULL),
(2290, 24, 31, 1, 1, 0, NULL, 'li', '2024-01-11 21:29:20', NULL, 1, NULL),
(2291, 24, 31, 2, 1, 0, NULL, 'li', '2024-01-11 21:29:20', NULL, 1, NULL),
(2292, 24, 31, 3, 0, 0, NULL, 'li', '2024-01-11 21:29:21', NULL, 1, NULL),
(2293, 24, 31, 4, 1, 0, NULL, 'li', '2024-01-11 21:29:21', NULL, 1, NULL),
(2294, 24, 31, 5, 0, 0, NULL, 'li', '2024-01-11 21:29:21', NULL, 1, NULL),
(2295, 24, 31, 6, 0, 0, NULL, 'li', '2024-01-11 21:29:21', NULL, 1, NULL),
(2296, 24, 31, 7, 1, 0, NULL, 'li', '2024-01-11 21:29:21', NULL, 1, NULL),
(2297, 24, 32, 1, 2, 0, NULL, 'li', '2024-01-11 21:29:21', NULL, 1, NULL),
(2298, 24, 32, 2, 2, 0, NULL, 'li', '2024-01-11 21:29:21', NULL, 1, NULL),
(2299, 24, 32, 3, 0, 0, NULL, 'li', '2024-01-11 21:29:21', NULL, 1, NULL),
(2300, 24, 32, 4, 2, 0, NULL, 'li', '2024-01-11 21:29:21', NULL, 1, NULL),
(2301, 24, 32, 5, 0, 0, NULL, 'li', '2024-01-11 21:29:21', NULL, 1, NULL),
(2302, 24, 32, 6, 1, 0, NULL, 'li', '2024-01-11 21:29:21', NULL, 1, NULL),
(2303, 24, 32, 7, 2, 0, NULL, 'li', '2024-01-11 21:29:21', NULL, 1, NULL),
(2304, 24, 33, 1, 1, 0, NULL, 'li', '2024-01-11 21:29:21', NULL, 1, NULL),
(2305, 24, 33, 2, 1, 0, NULL, 'li', '2024-01-11 21:29:21', NULL, 1, NULL),
(2306, 24, 33, 3, 0, 0, NULL, 'li', '2024-01-11 21:29:21', NULL, 1, NULL),
(2307, 24, 33, 4, 0, 0, NULL, 'li', '2024-01-11 21:29:21', NULL, 1, NULL),
(2308, 24, 33, 5, 0, 0, NULL, 'li', '2024-01-11 21:29:21', NULL, 1, NULL),
(2309, 24, 33, 6, 0, 0, NULL, 'li', '2024-01-11 21:29:21', NULL, 1, NULL),
(2310, 24, 33, 7, 0, 0, NULL, 'li', '2024-01-11 21:29:21', NULL, 1, NULL),
(2311, 25, 4, 8, 2, 2, NULL, 'ch', '2024-01-15 17:06:32', NULL, 1, NULL),
(2312, 25, 5, 8, 2, 2, NULL, 'ch', '2024-01-15 17:06:32', NULL, 1, NULL),
(2313, 25, 6, 8, 0, 0, NULL, 'ch', '2024-01-15 17:06:32', NULL, 1, NULL),
(2314, 25, 7, 8, 1, 1, NULL, 'ch', '2024-01-15 17:06:32', NULL, 1, NULL),
(2315, 25, 8, 8, 2, 2, NULL, 'ch', '2024-01-15 17:06:32', NULL, 1, NULL),
(2316, 25, 9, 8, 3, 2, NULL, 'ch', '2024-01-15 17:06:32', NULL, 1, NULL),
(2317, 25, 10, 8, 2, 2, NULL, 'ch', '2024-01-15 17:06:32', NULL, 1, NULL),
(2318, 25, 11, 8, 3, 3, NULL, 'ch', '2024-01-15 17:06:32', NULL, 1, NULL),
(2319, 25, 12, 8, 1, 0, NULL, 'ch', '2024-01-15 17:06:32', NULL, 1, NULL),
(2320, 25, 13, 8, 3, 2, NULL, 'ch', '2024-01-15 17:06:32', NULL, 1, NULL),
(2321, 25, 14, 8, 0, 0, NULL, 'ch', '2024-01-15 17:06:32', NULL, 1, NULL),
(2322, 25, 15, 8, 1, 2, NULL, 'ch', '2024-01-15 17:06:32', NULL, 1, NULL),
(2323, 25, 16, 8, 0, 0, NULL, 'ch', '2024-01-15 17:06:32', NULL, 1, NULL),
(2324, 25, 17, 8, 2, 1, NULL, 'ch', '2024-01-15 17:06:32', NULL, 1, NULL),
(2325, 25, 18, 8, 1, 1, NULL, 'ch', '2024-01-15 17:06:32', NULL, 1, NULL),
(2326, 25, 19, 8, 0, 0, NULL, 'ch', '2024-01-15 17:06:32', NULL, 1, NULL),
(2327, 25, 20, 8, 3, 2, NULL, 'ch', '2024-01-15 17:06:32', NULL, 1, NULL),
(2328, 25, 21, 8, 2, 2, NULL, 'ch', '2024-01-15 17:06:32', NULL, 1, NULL),
(2329, 25, 22, 8, 3, 3, NULL, 'ch', '2024-01-15 17:06:33', NULL, 1, NULL),
(2330, 25, 23, 8, 2, 2, NULL, 'ch', '2024-01-15 17:06:33', NULL, 1, NULL),
(2331, 25, 24, 8, 2, 3, NULL, 'ch', '2024-01-15 17:06:33', NULL, 1, NULL),
(2332, 25, 25, 8, 1, 2, NULL, 'ch', '2024-01-15 17:06:33', NULL, 1, NULL),
(2333, 25, 26, 8, 3, 2, NULL, 'ch', '2024-01-15 17:06:33', NULL, 1, NULL),
(2334, 25, 27, 8, 0, 0, NULL, 'ch', '2024-01-15 17:06:33', NULL, 1, NULL),
(2335, 25, 28, 8, 0, 0, NULL, 'ch', '2024-01-15 17:06:33', NULL, 1, NULL),
(2336, 25, 29, 8, 3, 2, NULL, 'ch', '2024-01-15 17:06:33', NULL, 1, NULL),
(2337, 25, 30, 8, 1, 2, NULL, 'ch', '2024-01-15 17:06:33', NULL, 1, NULL),
(2338, 25, 31, 8, 0, 0, NULL, 'ch', '2024-01-15 17:06:33', NULL, 1, NULL),
(2339, 25, 32, 8, 1, 0, NULL, 'ch', '2024-01-15 17:06:33', NULL, 1, NULL),
(2340, 25, 33, 8, 0, 0, NULL, 'ch', '2024-01-15 17:06:33', NULL, 1, NULL),
(2341, 26, 4, 1, 1, 0, NULL, 'ch', '2024-01-15 17:06:33', NULL, 1, NULL),
(2342, 26, 4, 2, 1, 0, NULL, 'ch', '2024-01-15 17:06:33', NULL, 1, NULL),
(2343, 26, 4, 3, 1, 0, NULL, 'ch', '2024-01-15 17:06:33', NULL, 1, NULL),
(2344, 26, 4, 4, 2, 0, NULL, 'ch', '2024-01-15 17:06:33', NULL, 1, NULL),
(2345, 26, 4, 5, 3, 0, NULL, 'ch', '2024-01-15 17:06:33', NULL, 1, NULL),
(2346, 26, 4, 6, 2, 0, NULL, 'ch', '2024-01-15 17:06:33', NULL, 1, NULL),
(2347, 26, 4, 7, 2, 0, NULL, 'ch', '2024-01-15 17:06:33', NULL, 1, NULL),
(2348, 26, 5, 1, 1, 0, NULL, 'ch', '2024-01-15 17:06:33', NULL, 1, NULL),
(2349, 26, 5, 2, 1, 0, NULL, 'ch', '2024-01-15 17:06:33', NULL, 1, NULL),
(2350, 26, 5, 3, 1, 0, NULL, 'ch', '2024-01-15 17:06:33', NULL, 1, NULL),
(2351, 26, 5, 4, 1, 0, NULL, 'ch', '2024-01-15 17:06:33', NULL, 1, NULL),
(2352, 26, 5, 5, 1, 0, NULL, 'ch', '2024-01-15 17:06:33', NULL, 1, NULL),
(2353, 26, 5, 6, 1, 0, NULL, 'ch', '2024-01-15 17:06:33', NULL, 1, NULL),
(2354, 26, 5, 7, 3, 0, NULL, 'ch', '2024-01-15 17:06:33', NULL, 1, NULL),
(2355, 26, 6, 1, 0, 0, NULL, 'ch', '2024-01-15 17:06:33', NULL, 1, NULL),
(2356, 26, 6, 2, 1, 0, NULL, 'ch', '2024-01-15 17:06:34', NULL, 1, NULL),
(2357, 26, 6, 3, 1, 0, NULL, 'ch', '2024-01-15 17:06:34', NULL, 1, NULL),
(2358, 26, 6, 4, 1, 0, NULL, 'ch', '2024-01-15 17:06:34', NULL, 1, NULL),
(2359, 26, 6, 5, 2, 0, NULL, 'ch', '2024-01-15 17:06:34', NULL, 1, NULL),
(2360, 26, 6, 6, 1, 0, NULL, 'ch', '2024-01-15 17:06:34', NULL, 1, NULL),
(2361, 26, 6, 7, 3, 0, NULL, 'ch', '2024-01-15 17:06:34', NULL, 1, NULL),
(2362, 26, 7, 1, 1, 0, NULL, 'ch', '2024-01-15 17:06:34', NULL, 1, NULL),
(2363, 26, 7, 2, 0, 0, NULL, 'ch', '2024-01-15 17:06:34', NULL, 1, NULL),
(2364, 26, 7, 3, 0, 0, NULL, 'ch', '2024-01-15 17:06:34', NULL, 1, NULL),
(2365, 26, 7, 4, 0, 0, NULL, 'ch', '2024-01-15 17:06:34', NULL, 1, NULL),
(2366, 26, 7, 5, 1, 0, NULL, 'ch', '2024-01-15 17:06:34', NULL, 1, NULL),
(2367, 26, 7, 6, 0, 0, NULL, 'ch', '2024-01-15 17:06:34', NULL, 1, NULL),
(2368, 26, 7, 7, 2, 0, NULL, 'ch', '2024-01-15 17:06:34', NULL, 1, NULL),
(2369, 26, 8, 1, 1, 0, NULL, 'ch', '2024-01-15 17:06:34', NULL, 1, NULL),
(2370, 26, 8, 2, 2, 0, NULL, 'ch', '2024-01-15 17:06:34', NULL, 1, NULL),
(2371, 26, 8, 3, 2, 0, NULL, 'ch', '2024-01-15 17:06:34', NULL, 1, NULL),
(2372, 26, 8, 4, 2, 0, NULL, 'ch', '2024-01-15 17:06:34', NULL, 1, NULL),
(2373, 26, 8, 5, 1, 0, NULL, 'ch', '2024-01-15 17:06:34', NULL, 1, NULL),
(2374, 26, 8, 6, 1, 0, NULL, 'ch', '2024-01-15 17:06:34', NULL, 1, NULL),
(2375, 26, 8, 7, 2, 0, NULL, 'ch', '2024-01-15 17:06:34', NULL, 1, NULL),
(2376, 26, 9, 1, 0, 0, NULL, 'ch', '2024-01-15 17:06:34', NULL, 1, NULL),
(2377, 26, 9, 2, 1, 0, NULL, 'ch', '2024-01-15 17:06:34', NULL, 1, NULL),
(2378, 26, 9, 3, 1, 0, NULL, 'ch', '2024-01-15 17:06:34', NULL, 1, NULL),
(2379, 26, 9, 4, 1, 0, NULL, 'ch', '2024-01-15 17:06:34', NULL, 1, NULL),
(2380, 26, 9, 5, 2, 0, NULL, 'ch', '2024-01-15 17:06:34', NULL, 1, NULL),
(2381, 26, 9, 6, 1, 0, NULL, 'ch', '2024-01-15 17:06:34', NULL, 1, NULL),
(2382, 26, 9, 7, 2, 0, NULL, 'ch', '2024-01-15 17:06:34', NULL, 1, NULL),
(2383, 26, 10, 1, 1, 0, NULL, 'ch', '2024-01-15 17:06:34', NULL, 1, NULL),
(2384, 26, 10, 2, 1, 0, NULL, 'ch', '2024-01-15 17:06:34', NULL, 1, NULL),
(2385, 26, 10, 3, 1, 0, NULL, 'ch', '2024-01-15 17:06:34', NULL, 1, NULL),
(2386, 26, 10, 4, 1, 0, NULL, 'ch', '2024-01-15 17:06:34', NULL, 1, NULL),
(2387, 26, 10, 5, 2, 0, NULL, 'ch', '2024-01-15 17:06:34', NULL, 1, NULL),
(2388, 26, 10, 6, 1, 0, NULL, 'ch', '2024-01-15 17:06:34', NULL, 1, NULL),
(2389, 26, 10, 7, 1, 0, NULL, 'ch', '2024-01-15 17:06:34', NULL, 1, NULL),
(2390, 26, 11, 1, 2, 0, NULL, 'ch', '2024-01-15 17:06:34', NULL, 1, NULL),
(2391, 26, 11, 2, 3, 0, NULL, 'ch', '2024-01-15 17:06:34', NULL, 1, NULL),
(2392, 26, 11, 3, 3, 0, NULL, 'ch', '2024-01-15 17:06:34', NULL, 1, NULL),
(2393, 26, 11, 4, 3, 0, NULL, 'ch', '2024-01-15 17:06:34', NULL, 1, NULL),
(2394, 26, 11, 5, 3, 0, NULL, 'ch', '2024-01-15 17:06:34', NULL, 1, NULL),
(2395, 26, 11, 6, 1, 0, NULL, 'ch', '2024-01-15 17:06:34', NULL, 1, NULL),
(2396, 26, 11, 7, 3, 0, NULL, 'ch', '2024-01-15 17:06:34', NULL, 1, NULL),
(2397, 26, 12, 1, 0, 0, NULL, 'ch', '2024-01-15 17:06:34', NULL, 1, NULL),
(2398, 26, 12, 2, 0, 0, NULL, 'ch', '2024-01-15 17:06:34', NULL, 1, NULL),
(2399, 26, 12, 3, 0, 0, NULL, 'ch', '2024-01-15 17:06:34', NULL, 1, NULL),
(2400, 26, 12, 4, 0, 0, NULL, 'ch', '2024-01-15 17:06:34', NULL, 1, NULL),
(2401, 26, 12, 5, 1, 0, NULL, 'ch', '2024-01-15 17:06:34', NULL, 1, NULL),
(2402, 26, 12, 6, 0, 0, NULL, 'ch', '2024-01-15 17:06:34', NULL, 1, NULL),
(2403, 26, 12, 7, 2, 0, NULL, 'ch', '2024-01-15 17:06:35', NULL, 1, NULL),
(2404, 26, 13, 1, 2, 0, NULL, 'ch', '2024-01-15 17:06:35', NULL, 1, NULL),
(2405, 26, 13, 2, 2, 0, NULL, 'ch', '2024-01-15 17:06:35', NULL, 1, NULL),
(2406, 26, 13, 3, 2, 0, NULL, 'ch', '2024-01-15 17:06:35', NULL, 1, NULL),
(2407, 26, 13, 4, 2, 0, NULL, 'ch', '2024-01-15 17:06:35', NULL, 1, NULL),
(2408, 26, 13, 5, 3, 0, NULL, 'ch', '2024-01-15 17:06:35', NULL, 1, NULL),
(2409, 26, 13, 6, 2, 0, NULL, 'ch', '2024-01-15 17:06:35', NULL, 1, NULL),
(2410, 26, 13, 7, 2, 0, NULL, 'ch', '2024-01-15 17:06:35', NULL, 1, NULL),
(2411, 26, 14, 1, 0, 0, NULL, 'ch', '2024-01-15 17:06:35', NULL, 1, NULL),
(2412, 26, 14, 2, 1, 0, NULL, 'ch', '2024-01-15 17:06:35', NULL, 1, NULL),
(2413, 26, 14, 3, 1, 0, NULL, 'ch', '2024-01-15 17:06:35', NULL, 1, NULL),
(2414, 26, 14, 4, 0, 0, NULL, 'ch', '2024-01-15 17:06:35', NULL, 1, NULL),
(2415, 26, 14, 5, 3, 0, NULL, 'ch', '2024-01-15 17:06:35', NULL, 1, NULL),
(2416, 26, 14, 6, 2, 0, NULL, 'ch', '2024-01-15 17:06:35', NULL, 1, NULL),
(2417, 26, 14, 7, 2, 0, NULL, 'ch', '2024-01-15 17:06:35', NULL, 1, NULL),
(2418, 26, 15, 1, 0, 0, NULL, 'ch', '2024-01-15 17:06:35', NULL, 1, NULL),
(2419, 26, 15, 2, 0, 0, NULL, 'ch', '2024-01-15 17:06:35', NULL, 1, NULL),
(2420, 26, 15, 3, 0, 0, NULL, 'ch', '2024-01-15 17:06:35', NULL, 1, NULL),
(2421, 26, 15, 4, 0, 0, NULL, 'ch', '2024-01-15 17:06:35', NULL, 1, NULL),
(2422, 26, 15, 5, 2, 0, NULL, 'ch', '2024-01-15 17:06:35', NULL, 1, NULL),
(2423, 26, 15, 6, 1, 0, NULL, 'ch', '2024-01-15 17:06:35', NULL, 1, NULL),
(2424, 26, 15, 7, 3, 0, NULL, 'ch', '2024-01-15 17:06:35', NULL, 1, NULL),
(2425, 26, 16, 1, 0, 0, NULL, 'ch', '2024-01-15 17:06:35', NULL, 1, NULL),
(2426, 26, 16, 2, 0, 0, NULL, 'ch', '2024-01-15 17:06:35', NULL, 1, NULL),
(2427, 26, 16, 3, 0, 0, NULL, 'ch', '2024-01-15 17:06:35', NULL, 1, NULL),
(2428, 26, 16, 4, 0, 0, NULL, 'ch', '2024-01-15 17:06:35', NULL, 1, NULL),
(2429, 26, 16, 5, 1, 0, NULL, 'ch', '2024-01-15 17:06:35', NULL, 1, NULL),
(2430, 26, 16, 6, 0, 0, NULL, 'ch', '2024-01-15 17:06:35', NULL, 1, NULL),
(2431, 26, 16, 7, 3, 0, NULL, 'ch', '2024-01-15 17:06:35', NULL, 1, NULL),
(2432, 26, 17, 1, 0, 0, NULL, 'ch', '2024-01-15 17:06:35', NULL, 1, NULL),
(2433, 26, 17, 2, 0, 0, NULL, 'ch', '2024-01-15 17:06:35', NULL, 1, NULL),
(2434, 26, 17, 3, 0, 0, NULL, 'ch', '2024-01-15 17:06:35', NULL, 1, NULL),
(2435, 26, 17, 4, 1, 0, NULL, 'ch', '2024-01-15 17:06:35', NULL, 1, NULL),
(2436, 26, 17, 5, 0, 0, NULL, 'ch', '2024-01-15 17:06:35', NULL, 1, NULL),
(2437, 26, 17, 6, 1, 0, NULL, 'ch', '2024-01-15 17:06:35', NULL, 1, NULL),
(2438, 26, 17, 7, 2, 0, NULL, 'ch', '2024-01-15 17:06:35', NULL, 1, NULL),
(2439, 26, 18, 1, 0, 0, NULL, 'ch', '2024-01-15 17:06:35', NULL, 1, NULL),
(2440, 26, 18, 2, 0, 0, NULL, 'ch', '2024-01-15 17:06:35', NULL, 1, NULL),
(2441, 26, 18, 3, 0, 0, NULL, 'ch', '2024-01-15 17:06:35', NULL, 1, NULL),
(2442, 26, 18, 4, 0, 0, NULL, 'ch', '2024-01-15 17:06:35', NULL, 1, NULL),
(2443, 26, 18, 5, 0, 0, NULL, 'ch', '2024-01-15 17:06:35', NULL, 1, NULL),
(2444, 26, 18, 6, 0, 0, NULL, 'ch', '2024-01-15 17:06:35', NULL, 1, NULL),
(2445, 26, 18, 7, 0, 0, NULL, 'ch', '2024-01-15 17:06:35', NULL, 1, NULL),
(2446, 26, 19, 1, 0, 0, NULL, 'ch', '2024-01-15 17:06:35', NULL, 1, NULL),
(2447, 26, 19, 2, 0, 0, NULL, 'ch', '2024-01-15 17:06:36', NULL, 1, NULL),
(2448, 26, 19, 3, 0, 0, NULL, 'ch', '2024-01-15 17:06:36', NULL, 1, NULL),
(2449, 26, 19, 4, 0, 0, NULL, 'ch', '2024-01-15 17:06:36', NULL, 1, NULL),
(2450, 26, 19, 5, 3, 0, NULL, 'ch', '2024-01-15 17:06:36', NULL, 1, NULL),
(2451, 26, 19, 6, 0, 0, NULL, 'ch', '2024-01-15 17:06:36', NULL, 1, NULL),
(2452, 26, 19, 7, 1, 0, NULL, 'ch', '2024-01-15 17:06:36', NULL, 1, NULL),
(2453, 26, 20, 1, 3, 0, NULL, 'ch', '2024-01-15 17:06:36', NULL, 1, NULL),
(2454, 26, 20, 2, 0, 0, NULL, 'ch', '2024-01-15 17:06:36', NULL, 1, NULL),
(2455, 26, 20, 3, 0, 0, NULL, 'ch', '2024-01-15 17:06:36', NULL, 1, NULL),
(2456, 26, 20, 4, 2, 0, NULL, 'ch', '2024-01-15 17:06:36', NULL, 1, NULL),
(2457, 26, 20, 5, 2, 0, NULL, 'ch', '2024-01-15 17:06:36', NULL, 1, NULL),
(2458, 26, 20, 6, 0, 0, NULL, 'ch', '2024-01-15 17:06:36', NULL, 1, NULL),
(2459, 26, 20, 7, 0, 0, NULL, 'ch', '2024-01-15 17:06:36', NULL, 1, NULL),
(2460, 26, 21, 1, 2, 0, NULL, 'ch', '2024-01-15 17:06:36', NULL, 1, NULL),
(2461, 26, 21, 2, 1, 0, NULL, 'ch', '2024-01-15 17:06:36', NULL, 1, NULL),
(2462, 26, 21, 3, 1, 0, NULL, 'ch', '2024-01-15 17:06:36', NULL, 1, NULL),
(2463, 26, 21, 4, 1, 0, NULL, 'ch', '2024-01-15 17:06:36', NULL, 1, NULL),
(2464, 26, 21, 5, 1, 0, NULL, 'ch', '2024-01-15 17:06:36', NULL, 1, NULL),
(2465, 26, 21, 6, 1, 0, NULL, 'ch', '2024-01-15 17:06:36', NULL, 1, NULL),
(2466, 26, 21, 7, 1, 0, NULL, 'ch', '2024-01-15 17:06:36', NULL, 1, NULL),
(2467, 26, 22, 1, 2, 0, NULL, 'ch', '2024-01-15 17:06:36', NULL, 1, NULL),
(2468, 26, 22, 2, 2, 0, NULL, 'ch', '2024-01-15 17:06:36', NULL, 1, NULL);
INSERT INTO `ESG_QUESTIONAIRE_ANSWERS` (`ESG_QUESTIONAIRE_ANSWER_ID`, `ESG_QUESTIONAIRE_ID`, `ESG_MEASURE_ID`, `STAKEHOLDER_ID`, `ESG_QUESTIONAIRE_ANSWER_PRIORITY`, `ESG_QUESTIONAIRE_ANSWER_STATUS`, `ESG_QUESTIONAIRE_ANSWER_COMMENTS`, `ESG_QUESTIONAIRE_ANSWER_COUNTRY_ISO`, `ESG_QUESTIONAIRE_ANSWER_CREATED`, `ESG_QUESTIONAIRE_ANSWER_UPDATED`, `ESG_QUESTIONAIRE_ANSWER_CREATED_BY`, `ESG_QUESTIONAIRE_ANSWER_UPDATED_BY`) VALUES
(2469, 26, 22, 3, 1, 0, NULL, 'ch', '2024-01-15 17:06:36', NULL, 1, NULL),
(2470, 26, 22, 4, 2, 0, NULL, 'ch', '2024-01-15 17:06:36', NULL, 1, NULL),
(2471, 26, 22, 5, 2, 0, NULL, 'ch', '2024-01-15 17:06:36', NULL, 1, NULL),
(2472, 26, 22, 6, 0, 0, NULL, 'ch', '2024-01-15 17:06:36', NULL, 1, NULL),
(2473, 26, 22, 7, 1, 0, NULL, 'ch', '2024-01-15 17:06:36', NULL, 1, NULL),
(2474, 26, 23, 1, 2, 0, NULL, 'ch', '2024-01-15 17:06:36', NULL, 1, NULL),
(2475, 26, 23, 2, 0, 0, NULL, 'ch', '2024-01-15 17:06:36', NULL, 1, NULL),
(2476, 26, 23, 3, 0, 0, NULL, 'ch', '2024-01-15 17:06:36', NULL, 1, NULL),
(2477, 26, 23, 4, 2, 0, NULL, 'ch', '2024-01-15 17:06:36', NULL, 1, NULL),
(2478, 26, 23, 5, 1, 0, NULL, 'ch', '2024-01-15 17:06:36', NULL, 1, NULL),
(2479, 26, 23, 6, 1, 0, NULL, 'ch', '2024-01-15 17:06:36', NULL, 1, NULL),
(2480, 26, 23, 7, 3, 0, NULL, 'ch', '2024-01-15 17:06:36', NULL, 1, NULL),
(2481, 26, 24, 1, 2, 0, NULL, 'ch', '2024-01-15 17:06:36', NULL, 1, NULL),
(2482, 26, 24, 2, 0, 0, NULL, 'ch', '2024-01-15 17:06:36', NULL, 1, NULL),
(2483, 26, 24, 3, 0, 0, NULL, 'ch', '2024-01-15 17:06:36', NULL, 1, NULL),
(2484, 26, 24, 4, 1, 0, NULL, 'ch', '2024-01-15 17:06:36', NULL, 1, NULL),
(2485, 26, 24, 5, 2, 0, NULL, 'ch', '2024-01-15 17:06:36', NULL, 1, NULL),
(2486, 26, 24, 6, 1, 0, NULL, 'ch', '2024-01-15 17:06:36', NULL, 1, NULL),
(2487, 26, 24, 7, 2, 0, NULL, 'ch', '2024-01-15 17:06:36', NULL, 1, NULL),
(2488, 26, 25, 1, 1, 0, NULL, 'ch', '2024-01-15 17:06:36', NULL, 1, NULL),
(2489, 26, 25, 2, 1, 0, NULL, 'ch', '2024-01-15 17:06:36', NULL, 1, NULL),
(2490, 26, 25, 3, 1, 0, NULL, 'ch', '2024-01-15 17:06:36', NULL, 1, NULL),
(2491, 26, 25, 4, 2, 0, NULL, 'ch', '2024-01-15 17:06:36', NULL, 1, NULL),
(2492, 26, 25, 5, 2, 0, NULL, 'ch', '2024-01-15 17:06:36', NULL, 1, NULL),
(2493, 26, 25, 6, 2, 0, NULL, 'ch', '2024-01-15 17:06:36', NULL, 1, NULL),
(2494, 26, 25, 7, 2, 0, NULL, 'ch', '2024-01-15 17:06:36', NULL, 1, NULL),
(2495, 26, 26, 1, 2, 0, NULL, 'ch', '2024-01-15 17:06:37', NULL, 1, NULL),
(2496, 26, 26, 2, 3, 0, NULL, 'ch', '2024-01-15 17:06:37', NULL, 1, NULL),
(2497, 26, 26, 3, 3, 0, NULL, 'ch', '2024-01-15 17:06:37', NULL, 1, NULL),
(2498, 26, 26, 4, 3, 0, NULL, 'ch', '2024-01-15 17:06:37', NULL, 1, NULL),
(2499, 26, 26, 5, 2, 0, NULL, 'ch', '2024-01-15 17:06:37', NULL, 1, NULL),
(2500, 26, 26, 6, 3, 0, NULL, 'ch', '2024-01-15 17:06:37', NULL, 1, NULL),
(2501, 26, 26, 7, 3, 0, NULL, 'ch', '2024-01-15 17:06:37', NULL, 1, NULL),
(2502, 26, 27, 1, 0, 0, NULL, 'ch', '2024-01-15 17:06:37', NULL, 1, NULL),
(2503, 26, 27, 2, 1, 0, NULL, 'ch', '2024-01-15 17:06:37', NULL, 1, NULL),
(2504, 26, 27, 3, 1, 0, NULL, 'ch', '2024-01-15 17:06:37', NULL, 1, NULL),
(2505, 26, 27, 4, 1, 0, NULL, 'ch', '2024-01-15 17:06:37', NULL, 1, NULL),
(2506, 26, 27, 5, 2, 0, NULL, 'ch', '2024-01-15 17:06:37', NULL, 1, NULL),
(2507, 26, 27, 6, 1, 0, NULL, 'ch', '2024-01-15 17:06:37', NULL, 1, NULL),
(2508, 26, 27, 7, 2, 0, NULL, 'ch', '2024-01-15 17:06:37', NULL, 1, NULL),
(2509, 26, 28, 1, 0, 0, NULL, 'ch', '2024-01-15 17:06:37', NULL, 1, NULL),
(2510, 26, 28, 2, 1, 0, NULL, 'ch', '2024-01-15 17:06:37', NULL, 1, NULL),
(2511, 26, 28, 3, 1, 0, NULL, 'ch', '2024-01-15 17:06:37', NULL, 1, NULL),
(2512, 26, 28, 4, 1, 0, NULL, 'ch', '2024-01-15 17:06:37', NULL, 1, NULL),
(2513, 26, 28, 5, 1, 0, NULL, 'ch', '2024-01-15 17:06:37', NULL, 1, NULL),
(2514, 26, 28, 6, 1, 0, NULL, 'ch', '2024-01-15 17:06:37', NULL, 1, NULL),
(2515, 26, 28, 7, 2, 0, NULL, 'ch', '2024-01-15 17:06:37', NULL, 1, NULL),
(2516, 26, 29, 1, 2, 0, NULL, 'ch', '2024-01-15 17:06:37', NULL, 1, NULL),
(2517, 26, 29, 2, 3, 0, NULL, 'ch', '2024-01-15 17:06:37', NULL, 1, NULL),
(2518, 26, 29, 3, 3, 0, NULL, 'ch', '2024-01-15 17:06:37', NULL, 1, NULL),
(2519, 26, 29, 4, 3, 0, NULL, 'ch', '2024-01-15 17:06:37', NULL, 1, NULL),
(2520, 26, 29, 5, 2, 0, NULL, 'ch', '2024-01-15 17:06:37', NULL, 1, NULL),
(2521, 26, 29, 6, 3, 0, NULL, 'ch', '2024-01-15 17:06:37', NULL, 1, NULL),
(2522, 26, 29, 7, 1, 0, NULL, 'ch', '2024-01-15 17:06:37', NULL, 1, NULL),
(2523, 26, 30, 1, 1, 0, NULL, 'ch', '2024-01-15 17:06:37', NULL, 1, NULL),
(2524, 26, 30, 2, 1, 0, NULL, 'ch', '2024-01-15 17:06:37', NULL, 1, NULL),
(2525, 26, 30, 3, 1, 0, NULL, 'ch', '2024-01-15 17:06:37', NULL, 1, NULL),
(2526, 26, 30, 4, 2, 0, NULL, 'ch', '2024-01-15 17:06:37', NULL, 1, NULL),
(2527, 26, 30, 5, 2, 0, NULL, 'ch', '2024-01-15 17:06:37', NULL, 1, NULL),
(2528, 26, 30, 6, 3, 0, NULL, 'ch', '2024-01-15 17:06:37', NULL, 1, NULL),
(2529, 26, 30, 7, 3, 0, NULL, 'ch', '2024-01-15 17:06:37', NULL, 1, NULL),
(2530, 26, 31, 1, 0, 0, NULL, 'ch', '2024-01-15 17:06:37', NULL, 1, NULL),
(2531, 26, 31, 2, 1, 0, NULL, 'ch', '2024-01-15 17:06:37', NULL, 1, NULL),
(2532, 26, 31, 3, 1, 0, NULL, 'ch', '2024-01-15 17:06:37', NULL, 1, NULL),
(2533, 26, 31, 4, 2, 0, NULL, 'ch', '2024-01-15 17:06:37', NULL, 1, NULL),
(2534, 26, 31, 5, 1, 0, NULL, 'ch', '2024-01-15 17:06:37', NULL, 1, NULL),
(2535, 26, 31, 6, 2, 0, NULL, 'ch', '2024-01-15 17:06:37', NULL, 1, NULL),
(2536, 26, 31, 7, 3, 0, NULL, 'ch', '2024-01-15 17:06:37', NULL, 1, NULL),
(2537, 26, 32, 1, 0, 0, NULL, 'ch', '2024-01-15 17:06:37', NULL, 1, NULL),
(2538, 26, 32, 2, 1, 0, NULL, 'ch', '2024-01-15 17:06:37', NULL, 1, NULL),
(2539, 26, 32, 3, 1, 0, NULL, 'ch', '2024-01-15 17:06:37', NULL, 1, NULL),
(2540, 26, 32, 4, 2, 0, NULL, 'ch', '2024-01-15 17:06:37', NULL, 1, NULL),
(2541, 26, 32, 5, 1, 0, NULL, 'ch', '2024-01-15 17:06:37', NULL, 1, NULL),
(2542, 26, 32, 6, 3, 0, NULL, 'ch', '2024-01-15 17:06:38', NULL, 1, NULL),
(2543, 26, 32, 7, 2, 0, NULL, 'ch', '2024-01-15 17:06:38', NULL, 1, NULL),
(2544, 26, 33, 1, 0, 0, NULL, 'ch', '2024-01-15 17:06:38', NULL, 1, NULL),
(2545, 26, 33, 2, 0, 0, NULL, 'ch', '2024-01-15 17:06:38', NULL, 1, NULL),
(2546, 26, 33, 3, 0, 0, NULL, 'ch', '2024-01-15 17:06:38', NULL, 1, NULL),
(2547, 26, 33, 4, 0, 0, NULL, 'ch', '2024-01-15 17:06:38', NULL, 1, NULL),
(2548, 26, 33, 5, 1, 0, NULL, 'ch', '2024-01-15 17:06:38', NULL, 1, NULL),
(2549, 26, 33, 6, 1, 0, NULL, 'ch', '2024-01-15 17:06:38', NULL, 1, NULL),
(2550, 26, 33, 7, 3, 0, NULL, 'ch', '2024-01-15 17:06:38', NULL, 1, NULL),
(2551, 27, 4, 8, 2, 2, NULL, 'ch', '2024-01-15 17:06:38', NULL, 1, NULL),
(2552, 27, 5, 8, 1, 0, NULL, 'ch', '2024-01-15 17:06:38', NULL, 1, NULL),
(2553, 27, 6, 8, 1, 0, NULL, 'ch', '2024-01-15 17:06:38', NULL, 1, NULL),
(2554, 27, 7, 8, 1, 1, NULL, 'ch', '2024-01-15 17:06:38', NULL, 1, NULL),
(2555, 27, 8, 8, 2, 1, NULL, 'ch', '2024-01-15 17:06:38', NULL, 1, NULL),
(2556, 27, 9, 8, 2, 0, NULL, 'ch', '2024-01-15 17:06:38', NULL, 1, NULL),
(2557, 27, 10, 8, 2, 1, NULL, 'ch', '2024-01-15 17:06:38', NULL, 1, NULL),
(2558, 27, 11, 8, 1, 1, NULL, 'ch', '2024-01-15 17:06:38', NULL, 1, NULL),
(2559, 27, 12, 8, 1, 1, NULL, 'ch', '2024-01-15 17:06:38', NULL, 1, NULL),
(2560, 27, 13, 8, 3, 1, NULL, 'ch', '2024-01-15 17:06:38', NULL, 1, NULL),
(2561, 27, 14, 8, 1, 0, NULL, 'ch', '2024-01-15 17:06:38', NULL, 1, NULL),
(2562, 27, 15, 8, 2, 1, NULL, 'ch', '2024-01-15 17:06:38', NULL, 1, NULL),
(2563, 27, 16, 8, 1, 0, NULL, 'ch', '2024-01-15 17:06:38', NULL, 1, NULL),
(2564, 27, 17, 8, 1, 1, NULL, 'ch', '2024-01-15 17:06:38', NULL, 1, NULL),
(2565, 27, 18, 8, 1, 1, NULL, 'ch', '2024-01-15 17:06:38', NULL, 1, NULL),
(2566, 27, 19, 8, 1, 0, NULL, 'ch', '2024-01-15 17:06:39', NULL, 1, NULL),
(2567, 27, 20, 8, 1, 0, NULL, 'ch', '2024-01-15 17:06:39', NULL, 1, NULL),
(2568, 27, 21, 8, 2, 3, NULL, 'ch', '2024-01-15 17:06:39', NULL, 1, NULL),
(2569, 27, 22, 8, 3, 3, NULL, 'ch', '2024-01-15 17:06:39', NULL, 1, NULL),
(2570, 27, 23, 8, 2, 2, NULL, 'ch', '2024-01-15 17:06:39', NULL, 1, NULL),
(2571, 27, 24, 8, 1, 1, NULL, 'ch', '2024-01-15 17:06:39', NULL, 1, NULL),
(2572, 27, 25, 8, 2, 1, NULL, 'ch', '2024-01-15 17:06:39', NULL, 1, NULL),
(2573, 27, 26, 8, 2, 1, NULL, 'ch', '2024-01-15 17:06:39', NULL, 1, NULL),
(2574, 27, 27, 8, 2, 1, NULL, 'ch', '2024-01-15 17:06:39', NULL, 1, NULL),
(2575, 27, 28, 8, 2, 0, NULL, 'ch', '2024-01-15 17:06:39', NULL, 1, NULL),
(2576, 27, 29, 8, 3, 3, NULL, 'ch', '2024-01-15 17:06:39', NULL, 1, NULL),
(2577, 27, 30, 8, 1, 0, NULL, 'ch', '2024-01-15 17:06:39', NULL, 1, NULL),
(2578, 27, 31, 8, 1, 0, NULL, 'ch', '2024-01-15 17:06:39', NULL, 1, NULL),
(2579, 27, 32, 8, 2, 2, NULL, 'ch', '2024-01-15 17:06:39', NULL, 1, NULL),
(2580, 27, 33, 8, 1, 0, NULL, 'ch', '2024-01-15 17:06:39', NULL, 1, NULL),
(2581, 28, 4, 1, 1, 0, NULL, 'ch', '2024-01-15 17:06:39', NULL, 1, NULL),
(2582, 28, 4, 2, 1, 0, NULL, 'ch', '2024-01-15 17:06:39', NULL, 1, NULL),
(2583, 28, 4, 3, 0, 0, NULL, 'ch', '2024-01-15 17:06:39', NULL, 1, NULL),
(2584, 28, 4, 4, 2, 0, NULL, 'ch', '2024-01-15 17:06:39', NULL, 1, NULL),
(2585, 28, 4, 5, 2, 0, NULL, 'ch', '2024-01-15 17:06:39', NULL, 1, NULL),
(2586, 28, 4, 6, 1, 0, NULL, 'ch', '2024-01-15 17:06:39', NULL, 1, NULL),
(2587, 28, 4, 7, 1, 0, NULL, 'ch', '2024-01-15 17:06:39', NULL, 1, NULL),
(2588, 28, 5, 1, 1, 0, NULL, 'ch', '2024-01-15 17:06:39', NULL, 1, NULL),
(2589, 28, 5, 2, 2, 0, NULL, 'ch', '2024-01-15 17:06:39', NULL, 1, NULL),
(2590, 28, 5, 3, 0, 0, NULL, 'ch', '2024-01-15 17:06:39', NULL, 1, NULL),
(2591, 28, 5, 4, 2, 0, NULL, 'ch', '2024-01-15 17:06:39', NULL, 1, NULL),
(2592, 28, 5, 5, 2, 0, NULL, 'ch', '2024-01-15 17:06:40', NULL, 1, NULL),
(2593, 28, 5, 6, 1, 0, NULL, 'ch', '2024-01-15 17:06:40', NULL, 1, NULL),
(2594, 28, 5, 7, 1, 0, NULL, 'ch', '2024-01-15 17:06:40', NULL, 1, NULL),
(2595, 28, 6, 1, 1, 0, NULL, 'ch', '2024-01-15 17:06:40', NULL, 1, NULL),
(2596, 28, 6, 2, 2, 0, NULL, 'ch', '2024-01-15 17:06:40', NULL, 1, NULL),
(2597, 28, 6, 3, 0, 0, NULL, 'ch', '2024-01-15 17:06:40', NULL, 1, NULL),
(2598, 28, 6, 4, 2, 0, NULL, 'ch', '2024-01-15 17:06:40', NULL, 1, NULL),
(2599, 28, 6, 5, 2, 0, NULL, 'ch', '2024-01-15 17:06:40', NULL, 1, NULL),
(2600, 28, 6, 6, 1, 0, NULL, 'ch', '2024-01-15 17:06:40', NULL, 1, NULL),
(2601, 28, 6, 7, 2, 0, NULL, 'ch', '2024-01-15 17:06:40', NULL, 1, NULL),
(2602, 28, 7, 1, 2, 0, NULL, 'ch', '2024-01-15 17:06:40', NULL, 1, NULL),
(2603, 28, 7, 2, 1, 0, NULL, 'ch', '2024-01-15 17:06:40', NULL, 1, NULL),
(2604, 28, 7, 3, 0, 0, NULL, 'ch', '2024-01-15 17:06:40', NULL, 1, NULL),
(2605, 28, 7, 4, 1, 0, NULL, 'ch', '2024-01-15 17:06:40', NULL, 1, NULL),
(2606, 28, 7, 5, 1, 0, NULL, 'ch', '2024-01-15 17:06:40', NULL, 1, NULL),
(2607, 28, 7, 6, 0, 0, NULL, 'ch', '2024-01-15 17:06:40', NULL, 1, NULL),
(2608, 28, 7, 7, 1, 0, NULL, 'ch', '2024-01-15 17:06:40', NULL, 1, NULL),
(2609, 28, 8, 1, 2, 0, NULL, 'ch', '2024-01-15 17:06:40', NULL, 1, NULL),
(2610, 28, 8, 2, 2, 0, NULL, 'ch', '2024-01-15 17:06:40', NULL, 1, NULL),
(2611, 28, 8, 3, 1, 0, NULL, 'ch', '2024-01-15 17:06:40', NULL, 1, NULL),
(2612, 28, 8, 4, 3, 0, NULL, 'ch', '2024-01-15 17:06:40', NULL, 1, NULL),
(2613, 28, 8, 5, 2, 0, NULL, 'ch', '2024-01-15 17:06:40', NULL, 1, NULL),
(2614, 28, 8, 6, 2, 0, NULL, 'ch', '2024-01-15 17:06:40', NULL, 1, NULL),
(2615, 28, 8, 7, 2, 0, NULL, 'ch', '2024-01-15 17:06:40', NULL, 1, NULL),
(2616, 28, 9, 1, 2, 0, NULL, 'ch', '2024-01-15 17:06:40', NULL, 1, NULL),
(2617, 28, 9, 2, 2, 0, NULL, 'ch', '2024-01-15 17:06:40', NULL, 1, NULL),
(2618, 28, 9, 3, 0, 0, NULL, 'ch', '2024-01-15 17:06:40', NULL, 1, NULL),
(2619, 28, 9, 4, 2, 0, NULL, 'ch', '2024-01-15 17:06:40', NULL, 1, NULL),
(2620, 28, 9, 5, 2, 0, NULL, 'ch', '2024-01-15 17:06:40', NULL, 1, NULL),
(2621, 28, 9, 6, 1, 0, NULL, 'ch', '2024-01-15 17:06:40', NULL, 1, NULL),
(2622, 28, 9, 7, 2, 0, NULL, 'ch', '2024-01-15 17:06:40', NULL, 1, NULL),
(2623, 28, 10, 1, 2, 0, NULL, 'ch', '2024-01-15 17:06:40', NULL, 1, NULL),
(2624, 28, 10, 2, 1, 0, NULL, 'ch', '2024-01-15 17:06:40', NULL, 1, NULL),
(2625, 28, 10, 3, 0, 0, NULL, 'ch', '2024-01-15 17:06:40', NULL, 1, NULL),
(2626, 28, 10, 4, 2, 0, NULL, 'ch', '2024-01-15 17:06:40', NULL, 1, NULL),
(2627, 28, 10, 5, 2, 0, NULL, 'ch', '2024-01-15 17:06:40', NULL, 1, NULL),
(2628, 28, 10, 6, 1, 0, NULL, 'ch', '2024-01-15 17:06:40', NULL, 1, NULL),
(2629, 28, 10, 7, 2, 0, NULL, 'ch', '2024-01-15 17:06:40', NULL, 1, NULL),
(2630, 28, 11, 1, 1, 0, NULL, 'ch', '2024-01-15 17:06:40', NULL, 1, NULL),
(2631, 28, 11, 2, 3, 0, NULL, 'ch', '2024-01-15 17:06:40', NULL, 1, NULL),
(2632, 28, 11, 3, 2, 0, NULL, 'ch', '2024-01-15 17:06:41', NULL, 1, NULL),
(2633, 28, 11, 4, 2, 0, NULL, 'ch', '2024-01-15 17:06:41', NULL, 1, NULL),
(2634, 28, 11, 5, 2, 0, NULL, 'ch', '2024-01-15 17:06:41', NULL, 1, NULL),
(2635, 28, 11, 6, 2, 0, NULL, 'ch', '2024-01-15 17:06:41', NULL, 1, NULL),
(2636, 28, 11, 7, 3, 0, NULL, 'ch', '2024-01-15 17:06:41', NULL, 1, NULL),
(2637, 28, 12, 1, 1, 0, NULL, 'ch', '2024-01-15 17:06:41', NULL, 1, NULL),
(2638, 28, 12, 2, 2, 0, NULL, 'ch', '2024-01-15 17:06:41', NULL, 1, NULL),
(2639, 28, 12, 3, 1, 0, NULL, 'ch', '2024-01-15 17:06:41', NULL, 1, NULL),
(2640, 28, 12, 4, 2, 0, NULL, 'ch', '2024-01-15 17:06:41', NULL, 1, NULL),
(2641, 28, 12, 5, 2, 0, NULL, 'ch', '2024-01-15 17:06:41', NULL, 1, NULL),
(2642, 28, 12, 6, 1, 0, NULL, 'ch', '2024-01-15 17:06:41', NULL, 1, NULL),
(2643, 28, 12, 7, 2, 0, NULL, 'ch', '2024-01-15 17:06:41', NULL, 1, NULL),
(2644, 28, 13, 1, 2, 0, NULL, 'ch', '2024-01-15 17:06:41', NULL, 1, NULL),
(2645, 28, 13, 2, 2, 0, NULL, 'ch', '2024-01-15 17:06:41', NULL, 1, NULL),
(2646, 28, 13, 3, 1, 0, NULL, 'ch', '2024-01-15 17:06:41', NULL, 1, NULL),
(2647, 28, 13, 4, 2, 0, NULL, 'ch', '2024-01-15 17:06:41', NULL, 1, NULL),
(2648, 28, 13, 5, 3, 0, NULL, 'ch', '2024-01-15 17:06:41', NULL, 1, NULL),
(2649, 28, 13, 6, 2, 0, NULL, 'ch', '2024-01-15 17:06:41', NULL, 1, NULL),
(2650, 28, 13, 7, 2, 0, NULL, 'ch', '2024-01-15 17:06:41', NULL, 1, NULL),
(2651, 28, 14, 1, 1, 0, NULL, 'ch', '2024-01-15 17:06:41', NULL, 1, NULL),
(2652, 28, 14, 2, 2, 0, NULL, 'ch', '2024-01-15 17:06:41', NULL, 1, NULL),
(2653, 28, 14, 3, 0, 0, NULL, 'ch', '2024-01-15 17:06:41', NULL, 1, NULL),
(2654, 28, 14, 4, 1, 0, NULL, 'ch', '2024-01-15 17:06:41', NULL, 1, NULL),
(2655, 28, 14, 5, 2, 0, NULL, 'ch', '2024-01-15 17:06:41', NULL, 1, NULL),
(2656, 28, 14, 6, 2, 0, NULL, 'ch', '2024-01-15 17:06:41', NULL, 1, NULL),
(2657, 28, 14, 7, 1, 0, NULL, 'ch', '2024-01-15 17:06:41', NULL, 1, NULL),
(2658, 28, 15, 1, 1, 0, NULL, 'ch', '2024-01-15 17:06:41', NULL, 1, NULL),
(2659, 28, 15, 2, 1, 0, NULL, 'ch', '2024-01-15 17:06:41', NULL, 1, NULL),
(2660, 28, 15, 3, 0, 0, NULL, 'ch', '2024-01-15 17:06:41', NULL, 1, NULL),
(2661, 28, 15, 4, 1, 0, NULL, 'ch', '2024-01-15 17:06:41', NULL, 1, NULL),
(2662, 28, 15, 5, 1, 0, NULL, 'ch', '2024-01-15 17:06:41', NULL, 1, NULL),
(2663, 28, 15, 6, 1, 0, NULL, 'ch', '2024-01-15 17:06:41', NULL, 1, NULL),
(2664, 28, 15, 7, 1, 0, NULL, 'ch', '2024-01-15 17:06:41', NULL, 1, NULL),
(2665, 28, 16, 1, 3, 0, NULL, 'ch', '2024-01-15 17:06:41', NULL, 1, NULL),
(2666, 28, 16, 2, 1, 0, NULL, 'ch', '2024-01-15 17:06:41', NULL, 1, NULL),
(2667, 28, 16, 3, 0, 0, NULL, 'ch', '2024-01-15 17:06:41', NULL, 1, NULL),
(2668, 28, 16, 4, 1, 0, NULL, 'ch', '2024-01-15 17:06:41', NULL, 1, NULL),
(2669, 28, 16, 5, 1, 0, NULL, 'ch', '2024-01-15 17:06:41', NULL, 1, NULL),
(2670, 28, 16, 6, 0, 0, NULL, 'ch', '2024-01-15 17:06:41', NULL, 1, NULL),
(2671, 28, 16, 7, 2, 0, NULL, 'ch', '2024-01-15 17:06:41', NULL, 1, NULL),
(2672, 28, 17, 1, 2, 0, NULL, 'ch', '2024-01-15 17:06:41', NULL, 1, NULL),
(2673, 28, 17, 2, 2, 0, NULL, 'ch', '2024-01-15 17:06:41', NULL, 1, NULL),
(2674, 28, 17, 3, 0, 0, NULL, 'ch', '2024-01-15 17:06:41', NULL, 1, NULL),
(2675, 28, 17, 4, 2, 0, NULL, 'ch', '2024-01-15 17:06:41', NULL, 1, NULL),
(2676, 28, 17, 5, 2, 0, NULL, 'ch', '2024-01-15 17:06:41', NULL, 1, NULL),
(2677, 28, 17, 6, 1, 0, NULL, 'ch', '2024-01-15 17:06:41', NULL, 1, NULL),
(2678, 28, 17, 7, 2, 0, NULL, 'ch', '2024-01-15 17:06:41', NULL, 1, NULL),
(2679, 28, 18, 1, 1, 0, NULL, 'ch', '2024-01-15 17:06:42', NULL, 1, NULL),
(2680, 28, 18, 2, 2, 0, NULL, 'ch', '2024-01-15 17:06:42', NULL, 1, NULL),
(2681, 28, 18, 3, 1, 0, NULL, 'ch', '2024-01-15 17:06:42', NULL, 1, NULL),
(2682, 28, 18, 4, 2, 0, NULL, 'ch', '2024-01-15 17:06:42', NULL, 1, NULL),
(2683, 28, 18, 5, 2, 0, NULL, 'ch', '2024-01-15 17:06:42', NULL, 1, NULL),
(2684, 28, 18, 6, 1, 0, NULL, 'ch', '2024-01-15 17:06:42', NULL, 1, NULL),
(2685, 28, 18, 7, 2, 0, NULL, 'ch', '2024-01-15 17:06:42', NULL, 1, NULL),
(2686, 28, 19, 1, 2, 0, NULL, 'ch', '2024-01-15 17:06:42', NULL, 1, NULL),
(2687, 28, 19, 2, 1, 0, NULL, 'ch', '2024-01-15 17:06:42', NULL, 1, NULL),
(2688, 28, 19, 3, 0, 0, NULL, 'ch', '2024-01-15 17:06:42', NULL, 1, NULL),
(2689, 28, 19, 4, 2, 0, NULL, 'ch', '2024-01-15 17:06:42', NULL, 1, NULL),
(2690, 28, 19, 5, 3, 0, NULL, 'ch', '2024-01-15 17:06:42', NULL, 1, NULL),
(2691, 28, 19, 6, 1, 0, NULL, 'ch', '2024-01-15 17:06:42', NULL, 1, NULL),
(2692, 28, 19, 7, 2, 0, NULL, 'ch', '2024-01-15 17:06:42', NULL, 1, NULL),
(2693, 28, 20, 1, 2, 0, NULL, 'ch', '2024-01-15 17:06:42', NULL, 1, NULL),
(2694, 28, 20, 2, 0, 0, NULL, 'ch', '2024-01-15 17:06:42', NULL, 1, NULL),
(2695, 28, 20, 3, 0, 0, NULL, 'ch', '2024-01-15 17:06:42', NULL, 1, NULL),
(2696, 28, 20, 4, 1, 0, NULL, 'ch', '2024-01-15 17:06:42', NULL, 1, NULL),
(2697, 28, 20, 5, 2, 0, NULL, 'ch', '2024-01-15 17:06:42', NULL, 1, NULL),
(2698, 28, 20, 6, 0, 0, NULL, 'ch', '2024-01-15 17:06:42', NULL, 1, NULL),
(2699, 28, 20, 7, 1, 0, NULL, 'ch', '2024-01-15 17:06:42', NULL, 1, NULL),
(2700, 28, 21, 1, 3, 0, NULL, 'ch', '2024-01-15 17:06:42', NULL, 1, NULL),
(2701, 28, 21, 2, 0, 0, NULL, 'ch', '2024-01-15 17:06:42', NULL, 1, NULL),
(2702, 28, 21, 3, 1, 0, NULL, 'ch', '2024-01-15 17:06:42', NULL, 1, NULL),
(2703, 28, 21, 4, 3, 0, NULL, 'ch', '2024-01-15 17:06:42', NULL, 1, NULL),
(2704, 28, 21, 5, 3, 0, NULL, 'ch', '2024-01-15 17:06:42', NULL, 1, NULL),
(2705, 28, 21, 6, 2, 0, NULL, 'ch', '2024-01-15 17:06:42', NULL, 1, NULL),
(2706, 28, 21, 7, 3, 0, NULL, 'ch', '2024-01-15 17:06:42', NULL, 1, NULL),
(2707, 28, 22, 1, 3, 0, NULL, 'ch', '2024-01-15 17:06:42', NULL, 1, NULL),
(2708, 28, 22, 2, 2, 0, NULL, 'ch', '2024-01-15 17:06:42', NULL, 1, NULL),
(2709, 28, 22, 3, 1, 0, NULL, 'ch', '2024-01-15 17:06:42', NULL, 1, NULL),
(2710, 28, 22, 4, 3, 0, NULL, 'ch', '2024-01-15 17:06:42', NULL, 1, NULL),
(2711, 28, 22, 5, 3, 0, NULL, 'ch', '2024-01-15 17:06:42', NULL, 1, NULL),
(2712, 28, 22, 6, 2, 0, NULL, 'ch', '2024-01-15 17:06:42', NULL, 1, NULL),
(2713, 28, 22, 7, 3, 0, NULL, 'ch', '2024-01-15 17:06:42', NULL, 1, NULL),
(2714, 28, 23, 1, 3, 0, NULL, 'ch', '2024-01-15 17:06:42', NULL, 1, NULL),
(2715, 28, 23, 2, 0, 0, NULL, 'ch', '2024-01-15 17:06:42', NULL, 1, NULL),
(2716, 28, 23, 3, 0, 0, NULL, 'ch', '2024-01-15 17:06:42', NULL, 1, NULL),
(2717, 28, 23, 4, 3, 0, NULL, 'ch', '2024-01-15 17:06:42', NULL, 1, NULL),
(2718, 28, 23, 5, 2, 0, NULL, 'ch', '2024-01-15 17:06:42', NULL, 1, NULL),
(2719, 28, 23, 6, 1, 0, NULL, 'ch', '2024-01-15 17:06:42', NULL, 1, NULL),
(2720, 28, 23, 7, 3, 0, NULL, 'ch', '2024-01-15 17:06:42', NULL, 1, NULL),
(2721, 28, 24, 1, 2, 0, NULL, 'ch', '2024-01-15 17:06:42', NULL, 1, NULL),
(2722, 28, 24, 2, 1, 0, NULL, 'ch', '2024-01-15 17:06:42', NULL, 1, NULL),
(2723, 28, 24, 3, 1, 0, NULL, 'ch', '2024-01-15 17:06:42', NULL, 1, NULL),
(2724, 28, 24, 4, 3, 0, NULL, 'ch', '2024-01-15 17:06:42', NULL, 1, NULL),
(2725, 28, 24, 5, 3, 0, NULL, 'ch', '2024-01-15 17:06:43', NULL, 1, NULL),
(2726, 28, 24, 6, 2, 0, NULL, 'ch', '2024-01-15 17:06:43', NULL, 1, NULL),
(2727, 28, 24, 7, 3, 0, NULL, 'ch', '2024-01-15 17:06:43', NULL, 1, NULL),
(2728, 28, 25, 1, 1, 0, NULL, 'ch', '2024-01-15 17:06:43', NULL, 1, NULL),
(2729, 28, 25, 2, 2, 0, NULL, 'ch', '2024-01-15 17:06:43', NULL, 1, NULL),
(2730, 28, 25, 3, 3, 0, NULL, 'ch', '2024-01-15 17:06:43', NULL, 1, NULL),
(2731, 28, 25, 4, 2, 0, NULL, 'ch', '2024-01-15 17:06:43', NULL, 1, NULL),
(2732, 28, 25, 5, 2, 0, NULL, 'ch', '2024-01-15 17:06:43', NULL, 1, NULL),
(2733, 28, 25, 6, 1, 0, NULL, 'ch', '2024-01-15 17:06:43', NULL, 1, NULL),
(2734, 28, 25, 7, 2, 0, NULL, 'ch', '2024-01-15 17:06:43', NULL, 1, NULL),
(2735, 28, 26, 1, 3, 0, NULL, 'ch', '2024-01-15 17:06:43', NULL, 1, NULL),
(2736, 28, 26, 2, 2, 0, NULL, 'ch', '2024-01-15 17:06:43', NULL, 1, NULL),
(2737, 28, 26, 3, 2, 0, NULL, 'ch', '2024-01-15 17:06:43', NULL, 1, NULL),
(2738, 28, 26, 4, 2, 0, NULL, 'ch', '2024-01-15 17:06:43', NULL, 1, NULL),
(2739, 28, 26, 5, 2, 0, NULL, 'ch', '2024-01-15 17:06:43', NULL, 1, NULL),
(2740, 28, 26, 6, 3, 0, NULL, 'ch', '2024-01-15 17:06:43', NULL, 1, NULL),
(2741, 28, 26, 7, 2, 0, NULL, 'ch', '2024-01-15 17:06:43', NULL, 1, NULL),
(2742, 28, 27, 1, 2, 0, NULL, 'ch', '2024-01-15 17:06:43', NULL, 1, NULL),
(2743, 28, 27, 2, 2, 0, NULL, 'ch', '2024-01-15 17:06:43', NULL, 1, NULL),
(2744, 28, 27, 3, 1, 0, NULL, 'ch', '2024-01-15 17:06:43', NULL, 1, NULL),
(2745, 28, 27, 4, 2, 0, NULL, 'ch', '2024-01-15 17:06:43', NULL, 1, NULL),
(2746, 28, 27, 5, 2, 0, NULL, 'ch', '2024-01-15 17:06:43', NULL, 1, NULL),
(2747, 28, 27, 6, 2, 0, NULL, 'ch', '2024-01-15 17:06:43', NULL, 1, NULL),
(2748, 28, 27, 7, 0, 0, NULL, 'ch', '2024-01-15 17:06:43', NULL, 1, NULL),
(2749, 28, 28, 1, 2, 0, NULL, 'ch', '2024-01-15 17:06:43', NULL, 1, NULL),
(2750, 28, 28, 2, 2, 0, NULL, 'ch', '2024-01-15 17:06:43', NULL, 1, NULL),
(2751, 28, 28, 3, 1, 0, NULL, 'ch', '2024-01-15 17:06:43', NULL, 1, NULL),
(2752, 28, 28, 4, 2, 0, NULL, 'ch', '2024-01-15 17:06:43', NULL, 1, NULL),
(2753, 28, 28, 5, 2, 0, NULL, 'ch', '2024-01-15 17:06:43', NULL, 1, NULL),
(2754, 28, 28, 6, 2, 0, NULL, 'ch', '2024-01-15 17:06:43', NULL, 1, NULL),
(2755, 28, 28, 7, 1, 0, NULL, 'ch', '2024-01-15 17:06:43', NULL, 1, NULL),
(2756, 28, 29, 1, 2, 0, NULL, 'ch', '2024-01-15 17:06:43', NULL, 1, NULL),
(2757, 28, 29, 2, 2, 0, NULL, 'ch', '2024-01-15 17:06:43', NULL, 1, NULL),
(2758, 28, 29, 3, 2, 0, NULL, 'ch', '2024-01-15 17:06:43', NULL, 1, NULL),
(2759, 28, 29, 4, 3, 0, NULL, 'ch', '2024-01-15 17:06:43', NULL, 1, NULL),
(2760, 28, 29, 5, 3, 0, NULL, 'ch', '2024-01-15 17:06:43', NULL, 1, NULL),
(2761, 28, 29, 6, 3, 0, NULL, 'ch', '2024-01-15 17:06:43', NULL, 1, NULL),
(2762, 28, 29, 7, 3, 0, NULL, 'ch', '2024-01-15 17:06:43', NULL, 1, NULL),
(2763, 28, 30, 1, 1, 0, NULL, 'ch', '2024-01-15 17:06:43', NULL, 1, NULL),
(2764, 28, 30, 2, 1, 0, NULL, 'ch', '2024-01-15 17:06:43', NULL, 1, NULL),
(2765, 28, 30, 3, 1, 0, NULL, 'ch', '2024-01-15 17:06:43', NULL, 1, NULL),
(2766, 28, 30, 4, 2, 0, NULL, 'ch', '2024-01-15 17:06:44', NULL, 1, NULL),
(2767, 28, 30, 5, 2, 0, NULL, 'ch', '2024-01-15 17:06:44', NULL, 1, NULL),
(2768, 28, 30, 6, 3, 0, NULL, 'ch', '2024-01-15 17:06:44', NULL, 1, NULL),
(2769, 28, 30, 7, 3, 0, NULL, 'ch', '2024-01-15 17:06:44', NULL, 1, NULL),
(2770, 28, 31, 1, 1, 0, NULL, 'ch', '2024-01-15 17:06:44', NULL, 1, NULL),
(2771, 28, 31, 2, 1, 0, NULL, 'ch', '2024-01-15 17:06:44', NULL, 1, NULL),
(2772, 28, 31, 3, 3, 0, NULL, 'ch', '2024-01-15 17:06:44', NULL, 1, NULL),
(2773, 28, 31, 4, 2, 0, NULL, 'ch', '2024-01-15 17:06:44', NULL, 1, NULL),
(2774, 28, 31, 5, 2, 0, NULL, 'ch', '2024-01-15 17:06:44', NULL, 1, NULL),
(2775, 28, 31, 6, 2, 0, NULL, 'ch', '2024-01-15 17:06:44', NULL, 1, NULL),
(2776, 28, 31, 7, 2, 0, NULL, 'ch', '2024-01-15 17:06:44', NULL, 1, NULL),
(2777, 28, 32, 1, 1, 0, NULL, 'ch', '2024-01-15 17:06:44', NULL, 1, NULL),
(2778, 28, 32, 2, 2, 0, NULL, 'ch', '2024-01-15 17:06:44', NULL, 1, NULL),
(2779, 28, 32, 3, 2, 0, NULL, 'ch', '2024-01-15 17:06:44', NULL, 1, NULL),
(2780, 28, 32, 4, 3, 0, NULL, 'ch', '2024-01-15 17:06:44', NULL, 1, NULL),
(2781, 28, 32, 5, 3, 0, NULL, 'ch', '2024-01-15 17:06:44', NULL, 1, NULL),
(2782, 28, 32, 6, 3, 0, NULL, 'ch', '2024-01-15 17:06:44', NULL, 1, NULL),
(2783, 28, 32, 7, 3, 0, NULL, 'ch', '2024-01-15 17:06:44', NULL, 1, NULL),
(2784, 28, 33, 1, 1, 0, NULL, 'ch', '2024-01-15 17:06:44', NULL, 1, NULL),
(2785, 28, 33, 2, 1, 0, NULL, 'ch', '2024-01-15 17:06:44', NULL, 1, NULL),
(2786, 28, 33, 3, 1, 0, NULL, 'ch', '2024-01-15 17:06:44', NULL, 1, NULL),
(2787, 28, 33, 4, 2, 0, NULL, 'ch', '2024-01-15 17:06:44', NULL, 1, NULL),
(2788, 28, 33, 5, 2, 0, NULL, 'ch', '2024-01-15 17:06:44', NULL, 1, NULL),
(2789, 28, 33, 6, 2, 0, NULL, 'ch', '2024-01-15 17:06:44', NULL, 1, NULL),
(2790, 28, 33, 7, 2, 0, NULL, 'ch', '2024-01-15 17:06:44', NULL, 1, NULL),
(2791, 29, 4, 8, 2, 1, NULL, 'ch', '2024-01-15 17:06:44', NULL, 1, NULL),
(2792, 29, 5, 8, 2, 1, NULL, 'ch', '2024-01-15 17:06:44', NULL, 1, NULL),
(2793, 29, 6, 8, 2, 1, NULL, 'ch', '2024-01-15 17:06:44', NULL, 1, NULL),
(2794, 29, 7, 8, 0, 1, NULL, 'ch', '2024-01-15 17:06:45', NULL, 1, NULL),
(2795, 29, 8, 8, 2, 2, NULL, 'ch', '2024-01-15 17:06:45', NULL, 1, NULL),
(2796, 29, 9, 8, 2, 2, NULL, 'ch', '2024-01-15 17:06:45', NULL, 1, NULL),
(2797, 29, 10, 8, 2, 3, NULL, 'ch', '2024-01-15 17:06:45', NULL, 1, NULL),
(2798, 29, 11, 8, 1, 2, NULL, 'ch', '2024-01-15 17:06:45', NULL, 1, NULL),
(2799, 29, 12, 8, 2, 2, NULL, 'ch', '2024-01-15 17:06:45', NULL, 1, NULL),
(2800, 29, 13, 8, 1, 1, NULL, 'ch', '2024-01-15 17:06:45', NULL, 1, NULL),
(2801, 29, 14, 8, 0, 0, NULL, 'ch', '2024-01-15 17:06:45', NULL, 1, NULL),
(2802, 29, 15, 8, 1, 1, NULL, 'ch', '2024-01-15 17:06:45', NULL, 1, NULL),
(2803, 29, 16, 8, 0, 0, NULL, 'ch', '2024-01-15 17:06:45', NULL, 1, NULL),
(2804, 29, 17, 8, 2, 2, NULL, 'ch', '2024-01-15 17:06:45', NULL, 1, NULL),
(2805, 29, 18, 8, 1, 1, NULL, 'ch', '2024-01-15 17:06:45', NULL, 1, NULL),
(2806, 29, 19, 8, 0, 0, NULL, 'ch', '2024-01-15 17:06:45', NULL, 1, NULL),
(2807, 29, 20, 8, 1, 1, NULL, 'ch', '2024-01-15 17:06:45', NULL, 1, NULL),
(2808, 29, 21, 8, 2, 2, NULL, 'ch', '2024-01-15 17:06:45', NULL, 1, NULL),
(2809, 29, 22, 8, 3, 3, NULL, 'ch', '2024-01-15 17:06:45', NULL, 1, NULL),
(2810, 29, 23, 8, 2, 2, NULL, 'ch', '2024-01-15 17:06:45', NULL, 1, NULL),
(2811, 29, 24, 8, 1, 2, NULL, 'ch', '2024-01-15 17:06:45', NULL, 1, NULL),
(2812, 29, 25, 8, 2, 1, NULL, 'ch', '2024-01-15 17:06:45', NULL, 1, NULL),
(2813, 29, 26, 8, 1, 2, NULL, 'ch', '2024-01-15 17:06:45', NULL, 1, NULL),
(2814, 29, 27, 8, 1, 1, NULL, 'ch', '2024-01-15 17:06:45', NULL, 1, NULL),
(2815, 29, 28, 8, 1, 1, NULL, 'ch', '2024-01-15 17:06:45', NULL, 1, NULL),
(2816, 29, 29, 8, 3, 2, NULL, 'ch', '2024-01-15 17:06:46', NULL, 1, NULL),
(2817, 29, 30, 8, 1, 1, NULL, 'ch', '2024-01-15 17:06:46', NULL, 1, NULL),
(2818, 29, 31, 8, 1, 0, NULL, 'ch', '2024-01-15 17:06:46', NULL, 1, NULL),
(2819, 29, 32, 8, 1, 0, NULL, 'ch', '2024-01-15 17:06:46', NULL, 1, NULL),
(2820, 29, 33, 8, 1, 1, NULL, 'ch', '2024-01-15 17:06:46', NULL, 1, NULL),
(2821, 30, 4, 1, 1, 0, NULL, 'ch', '2024-01-15 17:06:46', NULL, 1, NULL),
(2822, 30, 4, 2, 2, 0, NULL, 'ch', '2024-01-15 17:06:46', NULL, 1, NULL),
(2823, 30, 4, 3, 0, 0, NULL, 'ch', '2024-01-15 17:06:46', NULL, 1, NULL),
(2824, 30, 4, 4, 2, 0, NULL, 'ch', '2024-01-15 17:06:46', NULL, 1, NULL),
(2825, 30, 4, 5, 2, 0, NULL, 'ch', '2024-01-15 17:06:46', NULL, 1, NULL),
(2826, 30, 4, 6, 1, 0, NULL, 'ch', '2024-01-15 17:06:46', NULL, 1, NULL),
(2827, 30, 4, 7, 2, 0, NULL, 'ch', '2024-01-15 17:06:46', NULL, 1, NULL),
(2828, 30, 5, 1, 1, 0, NULL, 'ch', '2024-01-15 17:06:46', NULL, 1, NULL),
(2829, 30, 5, 2, 0, 0, NULL, 'ch', '2024-01-15 17:06:46', NULL, 1, NULL),
(2830, 30, 5, 3, 0, 0, NULL, 'ch', '2024-01-15 17:06:46', NULL, 1, NULL),
(2831, 30, 5, 4, 2, 0, NULL, 'ch', '2024-01-15 17:06:46', NULL, 1, NULL),
(2832, 30, 5, 5, 1, 0, NULL, 'ch', '2024-01-15 17:06:46', NULL, 1, NULL),
(2833, 30, 5, 6, 0, 0, NULL, 'ch', '2024-01-15 17:06:46', NULL, 1, NULL),
(2834, 30, 5, 7, 3, 0, NULL, 'ch', '2024-01-15 17:06:46', NULL, 1, NULL),
(2835, 30, 6, 1, 1, 0, NULL, 'ch', '2024-01-15 17:06:46', NULL, 1, NULL),
(2836, 30, 6, 2, 1, 0, NULL, 'ch', '2024-01-15 17:06:46', NULL, 1, NULL),
(2837, 30, 6, 3, 1, 0, NULL, 'ch', '2024-01-15 17:06:46', NULL, 1, NULL),
(2838, 30, 6, 4, 2, 0, NULL, 'ch', '2024-01-15 17:06:46', NULL, 1, NULL),
(2839, 30, 6, 5, 2, 0, NULL, 'ch', '2024-01-15 17:06:46', NULL, 1, NULL),
(2840, 30, 6, 6, 1, 0, NULL, 'ch', '2024-01-15 17:06:46', NULL, 1, NULL),
(2841, 30, 6, 7, 2, 0, NULL, 'ch', '2024-01-15 17:06:46', NULL, 1, NULL),
(2842, 30, 7, 1, 0, 0, NULL, 'ch', '2024-01-15 17:06:46', NULL, 1, NULL),
(2843, 30, 7, 2, 0, 0, NULL, 'ch', '2024-01-15 17:06:46', NULL, 1, NULL),
(2844, 30, 7, 3, 1, 0, NULL, 'ch', '2024-01-15 17:06:46', NULL, 1, NULL),
(2845, 30, 7, 4, 1, 0, NULL, 'ch', '2024-01-15 17:06:46', NULL, 1, NULL),
(2846, 30, 7, 5, 0, 0, NULL, 'ch', '2024-01-15 17:06:46', NULL, 1, NULL),
(2847, 30, 7, 6, 0, 0, NULL, 'ch', '2024-01-15 17:06:46', NULL, 1, NULL),
(2848, 30, 7, 7, 2, 0, NULL, 'ch', '2024-01-15 17:06:46', NULL, 1, NULL),
(2849, 30, 8, 1, 1, 0, NULL, 'ch', '2024-01-15 17:06:46', NULL, 1, NULL),
(2850, 30, 8, 2, 2, 0, NULL, 'ch', '2024-01-15 17:06:46', NULL, 1, NULL),
(2851, 30, 8, 3, 1, 0, NULL, 'ch', '2024-01-15 17:06:46', NULL, 1, NULL),
(2852, 30, 8, 4, 2, 0, NULL, 'ch', '2024-01-15 17:06:46', NULL, 1, NULL),
(2853, 30, 8, 5, 1, 0, NULL, 'ch', '2024-01-15 17:06:46', NULL, 1, NULL),
(2854, 30, 8, 6, 1, 0, NULL, 'ch', '2024-01-15 17:06:46', NULL, 1, NULL),
(2855, 30, 8, 7, 2, 0, NULL, 'ch', '2024-01-15 17:06:46', NULL, 1, NULL),
(2856, 30, 9, 1, 1, 0, NULL, 'ch', '2024-01-15 17:06:46', NULL, 1, NULL),
(2857, 30, 9, 2, 2, 0, NULL, 'ch', '2024-01-15 17:06:47', NULL, 1, NULL),
(2858, 30, 9, 3, 0, 0, NULL, 'ch', '2024-01-15 17:06:47', NULL, 1, NULL),
(2859, 30, 9, 4, 2, 0, NULL, 'ch', '2024-01-15 17:06:47', NULL, 1, NULL),
(2860, 30, 9, 5, 1, 0, NULL, 'ch', '2024-01-15 17:06:47', NULL, 1, NULL),
(2861, 30, 9, 6, 1, 0, NULL, 'ch', '2024-01-15 17:06:47', NULL, 1, NULL),
(2862, 30, 9, 7, 1, 0, NULL, 'ch', '2024-01-15 17:06:47', NULL, 1, NULL),
(2863, 30, 10, 1, 2, 0, NULL, 'ch', '2024-01-15 17:06:47', NULL, 1, NULL),
(2864, 30, 10, 2, 2, 0, NULL, 'ch', '2024-01-15 17:06:47', NULL, 1, NULL),
(2865, 30, 10, 3, 1, 0, NULL, 'ch', '2024-01-15 17:06:47', NULL, 1, NULL),
(2866, 30, 10, 4, 2, 0, NULL, 'ch', '2024-01-15 17:06:47', NULL, 1, NULL),
(2867, 30, 10, 5, 2, 0, NULL, 'ch', '2024-01-15 17:06:47', NULL, 1, NULL),
(2868, 30, 10, 6, 0, 0, NULL, 'ch', '2024-01-15 17:06:47', NULL, 1, NULL),
(2869, 30, 10, 7, 2, 0, NULL, 'ch', '2024-01-15 17:06:47', NULL, 1, NULL),
(2870, 30, 11, 1, 0, 0, NULL, 'ch', '2024-01-15 17:06:47', NULL, 1, NULL),
(2871, 30, 11, 2, 2, 0, NULL, 'ch', '2024-01-15 17:06:47', NULL, 1, NULL),
(2872, 30, 11, 3, 1, 0, NULL, 'ch', '2024-01-15 17:06:47', NULL, 1, NULL),
(2873, 30, 11, 4, 1, 0, NULL, 'ch', '2024-01-15 17:06:47', NULL, 1, NULL),
(2874, 30, 11, 5, 0, 0, NULL, 'ch', '2024-01-15 17:06:47', NULL, 1, NULL),
(2875, 30, 11, 6, 1, 0, NULL, 'ch', '2024-01-15 17:06:47', NULL, 1, NULL),
(2876, 30, 11, 7, 2, 0, NULL, 'ch', '2024-01-15 17:06:47', NULL, 1, NULL),
(2877, 30, 12, 1, 1, 0, NULL, 'ch', '2024-01-15 17:06:47', NULL, 1, NULL),
(2878, 30, 12, 2, 3, 0, NULL, 'ch', '2024-01-15 17:06:47', NULL, 1, NULL),
(2879, 30, 12, 3, 1, 0, NULL, 'ch', '2024-01-15 17:06:47', NULL, 1, NULL),
(2880, 30, 12, 4, 2, 0, NULL, 'ch', '2024-01-15 17:06:47', NULL, 1, NULL),
(2881, 30, 12, 5, 1, 0, NULL, 'ch', '2024-01-15 17:06:47', NULL, 1, NULL),
(2882, 30, 12, 6, 1, 0, NULL, 'ch', '2024-01-15 17:06:47', NULL, 1, NULL),
(2883, 30, 12, 7, 2, 0, NULL, 'ch', '2024-01-15 17:06:47', NULL, 1, NULL),
(2884, 30, 13, 1, 1, 0, NULL, 'ch', '2024-01-15 17:06:47', NULL, 1, NULL),
(2885, 30, 13, 2, 1, 0, NULL, 'ch', '2024-01-15 17:06:47', NULL, 1, NULL),
(2886, 30, 13, 3, 0, 0, NULL, 'ch', '2024-01-15 17:06:47', NULL, 1, NULL),
(2887, 30, 13, 4, 1, 0, NULL, 'ch', '2024-01-15 17:06:47', NULL, 1, NULL),
(2888, 30, 13, 5, 1, 0, NULL, 'ch', '2024-01-15 17:06:47', NULL, 1, NULL),
(2889, 30, 13, 6, 0, 0, NULL, 'ch', '2024-01-15 17:06:47', NULL, 1, NULL),
(2890, 30, 13, 7, 1, 0, NULL, 'ch', '2024-01-15 17:06:47', NULL, 1, NULL),
(2891, 30, 14, 1, 0, 0, NULL, 'ch', '2024-01-15 17:06:47', NULL, 1, NULL),
(2892, 30, 14, 2, 1, 0, NULL, 'ch', '2024-01-15 17:06:47', NULL, 1, NULL),
(2893, 30, 14, 3, 0, 0, NULL, 'ch', '2024-01-15 17:06:47', NULL, 1, NULL),
(2894, 30, 14, 4, 0, 0, NULL, 'ch', '2024-01-15 17:06:47', NULL, 1, NULL),
(2895, 30, 14, 5, 0, 0, NULL, 'ch', '2024-01-15 17:06:47', NULL, 1, NULL),
(2896, 30, 14, 6, 0, 0, NULL, 'ch', '2024-01-15 17:06:47', NULL, 1, NULL),
(2897, 30, 14, 7, 1, 0, NULL, 'ch', '2024-01-15 17:06:47', NULL, 1, NULL),
(2898, 30, 15, 1, 0, 0, NULL, 'ch', '2024-01-15 17:06:47', NULL, 1, NULL),
(2899, 30, 15, 2, 1, 0, NULL, 'ch', '2024-01-15 17:06:47', NULL, 1, NULL),
(2900, 30, 15, 3, 0, 0, NULL, 'ch', '2024-01-15 17:06:48', NULL, 1, NULL),
(2901, 30, 15, 4, 0, 0, NULL, 'ch', '2024-01-15 17:06:48', NULL, 1, NULL),
(2902, 30, 15, 5, 0, 0, NULL, 'ch', '2024-01-15 17:06:48', NULL, 1, NULL),
(2903, 30, 15, 6, 1, 0, NULL, 'ch', '2024-01-15 17:06:48', NULL, 1, NULL),
(2904, 30, 15, 7, 2, 0, NULL, 'ch', '2024-01-15 17:06:48', NULL, 1, NULL),
(2905, 30, 16, 1, 0, 0, NULL, 'ch', '2024-01-15 17:06:48', NULL, 1, NULL),
(2906, 30, 16, 2, 0, 0, NULL, 'ch', '2024-01-15 17:06:48', NULL, 1, NULL),
(2907, 30, 16, 3, 0, 0, NULL, 'ch', '2024-01-15 17:06:48', NULL, 1, NULL),
(2908, 30, 16, 4, 0, 0, NULL, 'ch', '2024-01-15 17:06:48', NULL, 1, NULL),
(2909, 30, 16, 5, 0, 0, NULL, 'ch', '2024-01-15 17:06:48', NULL, 1, NULL),
(2910, 30, 16, 6, 0, 0, NULL, 'ch', '2024-01-15 17:06:48', NULL, 1, NULL),
(2911, 30, 16, 7, 1, 0, NULL, 'ch', '2024-01-15 17:06:48', NULL, 1, NULL),
(2912, 30, 17, 1, 1, 0, NULL, 'ch', '2024-01-15 17:06:48', NULL, 1, NULL),
(2913, 30, 17, 2, 2, 0, NULL, 'ch', '2024-01-15 17:06:48', NULL, 1, NULL),
(2914, 30, 17, 3, 1, 0, NULL, 'ch', '2024-01-15 17:06:48', NULL, 1, NULL),
(2915, 30, 17, 4, 2, 0, NULL, 'ch', '2024-01-15 17:06:48', NULL, 1, NULL),
(2916, 30, 17, 5, 1, 0, NULL, 'ch', '2024-01-15 17:06:48', NULL, 1, NULL),
(2917, 30, 17, 6, 1, 0, NULL, 'ch', '2024-01-15 17:06:48', NULL, 1, NULL),
(2918, 30, 17, 7, 2, 0, NULL, 'ch', '2024-01-15 17:06:48', NULL, 1, NULL),
(2919, 30, 18, 1, 0, 0, NULL, 'ch', '2024-01-15 17:06:48', NULL, 1, NULL),
(2920, 30, 18, 2, 1, 0, NULL, 'ch', '2024-01-15 17:06:48', NULL, 1, NULL),
(2921, 30, 18, 3, 0, 0, NULL, 'ch', '2024-01-15 17:06:48', NULL, 1, NULL),
(2922, 30, 18, 4, 1, 0, NULL, 'ch', '2024-01-15 17:06:48', NULL, 1, NULL),
(2923, 30, 18, 5, 1, 0, NULL, 'ch', '2024-01-15 17:06:48', NULL, 1, NULL),
(2924, 30, 18, 6, 1, 0, NULL, 'ch', '2024-01-15 17:06:48', NULL, 1, NULL),
(2925, 30, 18, 7, 2, 0, NULL, 'ch', '2024-01-15 17:06:48', NULL, 1, NULL),
(2926, 30, 19, 1, 0, 0, NULL, 'ch', '2024-01-15 17:06:48', NULL, 1, NULL),
(2927, 30, 19, 2, 0, 0, NULL, 'ch', '2024-01-15 17:06:48', NULL, 1, NULL),
(2928, 30, 19, 3, 0, 0, NULL, 'ch', '2024-01-15 17:06:48', NULL, 1, NULL),
(2929, 30, 19, 4, 1, 0, NULL, 'ch', '2024-01-15 17:06:48', NULL, 1, NULL),
(2930, 30, 19, 5, 1, 0, NULL, 'ch', '2024-01-15 17:06:48', NULL, 1, NULL),
(2931, 30, 19, 6, 0, 0, NULL, 'ch', '2024-01-15 17:06:48', NULL, 1, NULL),
(2932, 30, 19, 7, 1, 0, NULL, 'ch', '2024-01-15 17:06:48', NULL, 1, NULL),
(2933, 30, 20, 1, 1, 0, NULL, 'ch', '2024-01-15 17:06:48', NULL, 1, NULL),
(2934, 30, 20, 2, 1, 0, NULL, 'ch', '2024-01-15 17:06:48', NULL, 1, NULL),
(2935, 30, 20, 3, 1, 0, NULL, 'ch', '2024-01-15 17:06:48', NULL, 1, NULL),
(2936, 30, 20, 4, 0, 0, NULL, 'ch', '2024-01-15 17:06:48', NULL, 1, NULL),
(2937, 30, 20, 5, 0, 0, NULL, 'ch', '2024-01-15 17:06:48', NULL, 1, NULL),
(2938, 30, 20, 6, 0, 0, NULL, 'ch', '2024-01-15 17:06:48', NULL, 1, NULL),
(2939, 30, 20, 7, 1, 0, NULL, 'ch', '2024-01-15 17:06:48', NULL, 1, NULL),
(2940, 30, 21, 1, 1, 0, NULL, 'ch', '2024-01-15 17:06:48', NULL, 1, NULL),
(2941, 30, 21, 2, 1, 0, NULL, 'ch', '2024-01-15 17:06:48', NULL, 1, NULL),
(2942, 30, 21, 3, 0, 0, NULL, 'ch', '2024-01-15 17:06:48', NULL, 1, NULL),
(2943, 30, 21, 4, 1, 0, NULL, 'ch', '2024-01-15 17:06:48', NULL, 1, NULL),
(2944, 30, 21, 5, 2, 0, NULL, 'ch', '2024-01-15 17:06:48', NULL, 1, NULL),
(2945, 30, 21, 6, 1, 0, NULL, 'ch', '2024-01-15 17:06:48', NULL, 1, NULL),
(2946, 30, 21, 7, 2, 0, NULL, 'ch', '2024-01-15 17:06:48', NULL, 1, NULL),
(2947, 30, 22, 1, 2, 0, NULL, 'ch', '2024-01-15 17:06:49', NULL, 1, NULL),
(2948, 30, 22, 2, 2, 0, NULL, 'ch', '2024-01-15 17:06:49', NULL, 1, NULL),
(2949, 30, 22, 3, 1, 0, NULL, 'ch', '2024-01-15 17:06:49', NULL, 1, NULL),
(2950, 30, 22, 4, 2, 0, NULL, 'ch', '2024-01-15 17:06:49', NULL, 1, NULL),
(2951, 30, 22, 5, 2, 0, NULL, 'ch', '2024-01-15 17:06:49', NULL, 1, NULL),
(2952, 30, 22, 6, 1, 0, NULL, 'ch', '2024-01-15 17:06:49', NULL, 1, NULL),
(2953, 30, 22, 7, 2, 0, NULL, 'ch', '2024-01-15 17:06:49', NULL, 1, NULL),
(2954, 30, 23, 1, 1, 0, NULL, 'ch', '2024-01-15 17:06:49', NULL, 1, NULL),
(2955, 30, 23, 2, 1, 0, NULL, 'ch', '2024-01-15 17:06:49', NULL, 1, NULL),
(2956, 30, 23, 3, 1, 0, NULL, 'ch', '2024-01-15 17:06:49', NULL, 1, NULL),
(2957, 30, 23, 4, 2, 0, NULL, 'ch', '2024-01-15 17:06:49', NULL, 1, NULL),
(2958, 30, 23, 5, 2, 0, NULL, 'ch', '2024-01-15 17:06:49', NULL, 1, NULL),
(2959, 30, 23, 6, 1, 0, NULL, 'ch', '2024-01-15 17:06:49', NULL, 1, NULL),
(2960, 30, 23, 7, 2, 0, NULL, 'ch', '2024-01-15 17:06:49', NULL, 1, NULL),
(2961, 30, 24, 1, 1, 0, NULL, 'ch', '2024-01-15 17:06:49', NULL, 1, NULL),
(2962, 30, 24, 2, 0, 0, NULL, 'ch', '2024-01-15 17:06:49', NULL, 1, NULL),
(2963, 30, 24, 3, 0, 0, NULL, 'ch', '2024-01-15 17:06:49', NULL, 1, NULL),
(2964, 30, 24, 4, 1, 0, NULL, 'ch', '2024-01-15 17:06:49', NULL, 1, NULL),
(2965, 30, 24, 5, 2, 0, NULL, 'ch', '2024-01-15 17:06:49', NULL, 1, NULL),
(2966, 30, 24, 6, 0, 0, NULL, 'ch', '2024-01-15 17:06:49', NULL, 1, NULL),
(2967, 30, 24, 7, 1, 0, NULL, 'ch', '2024-01-15 17:06:49', NULL, 1, NULL),
(2968, 30, 25, 1, 1, 0, NULL, 'ch', '2024-01-15 17:06:49', NULL, 1, NULL),
(2969, 30, 25, 2, 2, 0, NULL, 'ch', '2024-01-15 17:06:49', NULL, 1, NULL),
(2970, 30, 25, 3, 1, 0, NULL, 'ch', '2024-01-15 17:06:49', NULL, 1, NULL),
(2971, 30, 25, 4, 2, 0, NULL, 'ch', '2024-01-15 17:06:49', NULL, 1, NULL),
(2972, 30, 25, 5, 1, 0, NULL, 'ch', '2024-01-15 17:06:49', NULL, 1, NULL),
(2973, 30, 25, 6, 1, 0, NULL, 'ch', '2024-01-15 17:06:49', NULL, 1, NULL),
(2974, 30, 25, 7, 2, 0, NULL, 'ch', '2024-01-15 17:06:49', NULL, 1, NULL),
(2975, 30, 26, 1, 1, 0, NULL, 'ch', '2024-01-15 17:06:49', NULL, 1, NULL),
(2976, 30, 26, 2, 2, 0, NULL, 'ch', '2024-01-15 17:06:49', NULL, 1, NULL),
(2977, 30, 26, 3, 1, 0, NULL, 'ch', '2024-01-15 17:06:49', NULL, 1, NULL),
(2978, 30, 26, 4, 0, 0, NULL, 'ch', '2024-01-15 17:06:49', NULL, 1, NULL),
(2979, 30, 26, 5, 1, 0, NULL, 'ch', '2024-01-15 17:06:49', NULL, 1, NULL),
(2980, 30, 26, 6, 2, 0, NULL, 'ch', '2024-01-15 17:06:49', NULL, 1, NULL),
(2981, 30, 26, 7, 2, 0, NULL, 'ch', '2024-01-15 17:06:49', NULL, 1, NULL),
(2982, 30, 27, 1, 0, 0, NULL, 'ch', '2024-01-15 17:06:49', NULL, 1, NULL),
(2983, 30, 27, 2, 2, 0, NULL, 'ch', '2024-01-15 17:06:49', NULL, 1, NULL),
(2984, 30, 27, 3, 1, 0, NULL, 'ch', '2024-01-15 17:06:49', NULL, 1, NULL),
(2985, 30, 27, 4, 2, 0, NULL, 'ch', '2024-01-15 17:06:49', NULL, 1, NULL),
(2986, 30, 27, 5, 1, 0, NULL, 'ch', '2024-01-15 17:06:49', NULL, 1, NULL),
(2987, 30, 27, 6, 1, 0, NULL, 'ch', '2024-01-15 17:06:49', NULL, 1, NULL),
(2988, 30, 27, 7, 2, 0, NULL, 'ch', '2024-01-15 17:06:49', NULL, 1, NULL),
(2989, 30, 28, 1, 0, 0, NULL, 'ch', '2024-01-15 17:06:50', NULL, 1, NULL),
(2990, 30, 28, 2, 1, 0, NULL, 'ch', '2024-01-15 17:06:50', NULL, 1, NULL),
(2991, 30, 28, 3, 1, 0, NULL, 'ch', '2024-01-15 17:06:50', NULL, 1, NULL),
(2992, 30, 28, 4, 1, 0, NULL, 'ch', '2024-01-15 17:06:50', NULL, 1, NULL),
(2993, 30, 28, 5, 1, 0, NULL, 'ch', '2024-01-15 17:06:50', NULL, 1, NULL),
(2994, 30, 28, 6, 1, 0, NULL, 'ch', '2024-01-15 17:06:50', NULL, 1, NULL),
(2995, 30, 28, 7, 1, 0, NULL, 'ch', '2024-01-15 17:06:50', NULL, 1, NULL),
(2996, 30, 29, 1, 1, 0, NULL, 'ch', '2024-01-15 17:06:50', NULL, 1, NULL),
(2997, 30, 29, 2, 2, 0, NULL, 'ch', '2024-01-15 17:06:50', NULL, 1, NULL),
(2998, 30, 29, 3, 1, 0, NULL, 'ch', '2024-01-15 17:06:50', NULL, 1, NULL),
(2999, 30, 29, 4, 2, 0, NULL, 'ch', '2024-01-15 17:06:50', NULL, 1, NULL),
(3000, 30, 29, 5, 1, 0, NULL, 'ch', '2024-01-15 17:06:50', NULL, 1, NULL),
(3001, 30, 29, 6, 1, 0, NULL, 'ch', '2024-01-15 17:06:50', NULL, 1, NULL),
(3002, 30, 29, 7, 2, 0, NULL, 'ch', '2024-01-15 17:06:50', NULL, 1, NULL),
(3003, 30, 30, 1, 1, 0, NULL, 'ch', '2024-01-15 17:06:50', NULL, 1, NULL),
(3004, 30, 30, 2, 2, 0, NULL, 'ch', '2024-01-15 17:06:50', NULL, 1, NULL),
(3005, 30, 30, 3, 1, 0, NULL, 'ch', '2024-01-15 17:06:50', NULL, 1, NULL),
(3006, 30, 30, 4, 1, 0, NULL, 'ch', '2024-01-15 17:06:50', NULL, 1, NULL),
(3007, 30, 30, 5, 1, 0, NULL, 'ch', '2024-01-15 17:06:50', NULL, 1, NULL),
(3008, 30, 30, 6, 2, 0, NULL, 'ch', '2024-01-15 17:06:50', NULL, 1, NULL),
(3009, 30, 30, 7, 1, 0, NULL, 'ch', '2024-01-15 17:06:50', NULL, 1, NULL),
(3010, 30, 31, 1, 0, 0, NULL, 'ch', '2024-01-15 17:06:50', NULL, 1, NULL),
(3011, 30, 31, 2, 1, 0, NULL, 'ch', '2024-01-15 17:06:50', NULL, 1, NULL),
(3012, 30, 31, 3, 1, 0, NULL, 'ch', '2024-01-15 17:06:50', NULL, 1, NULL),
(3013, 30, 31, 4, 1, 0, NULL, 'ch', '2024-01-15 17:06:50', NULL, 1, NULL),
(3014, 30, 31, 5, 0, 0, NULL, 'ch', '2024-01-15 17:06:50', NULL, 1, NULL),
(3015, 30, 31, 6, 1, 0, NULL, 'ch', '2024-01-15 17:06:50', NULL, 1, NULL),
(3016, 30, 31, 7, 1, 0, NULL, 'ch', '2024-01-15 17:06:50', NULL, 1, NULL),
(3017, 30, 32, 1, 0, 0, NULL, 'ch', '2024-01-15 17:06:50', NULL, 1, NULL),
(3018, 30, 32, 2, 1, 0, NULL, 'ch', '2024-01-15 17:06:50', NULL, 1, NULL),
(3019, 30, 32, 3, 0, 0, NULL, 'ch', '2024-01-15 17:06:50', NULL, 1, NULL),
(3020, 30, 32, 4, 1, 0, NULL, 'ch', '2024-01-15 17:06:50', NULL, 1, NULL),
(3021, 30, 32, 5, 1, 0, NULL, 'ch', '2024-01-15 17:06:50', NULL, 1, NULL),
(3022, 30, 32, 6, 1, 0, NULL, 'ch', '2024-01-15 17:06:50', NULL, 1, NULL),
(3023, 30, 32, 7, 1, 0, NULL, 'ch', '2024-01-15 17:06:50', NULL, 1, NULL),
(3024, 30, 33, 1, 0, 0, NULL, 'ch', '2024-01-15 17:06:50', NULL, 1, NULL),
(3025, 30, 33, 2, 1, 0, NULL, 'ch', '2024-01-15 17:06:50', NULL, 1, NULL),
(3026, 30, 33, 3, 0, 0, NULL, 'ch', '2024-01-15 17:06:50', NULL, 1, NULL),
(3027, 30, 33, 4, 1, 0, NULL, 'ch', '2024-01-15 17:06:50', NULL, 1, NULL),
(3028, 30, 33, 5, 0, 0, NULL, 'ch', '2024-01-15 17:06:50', NULL, 1, NULL),
(3029, 30, 33, 6, 1, 0, NULL, 'ch', '2024-01-15 17:06:50', NULL, 1, NULL),
(3030, 30, 33, 7, 1, 0, NULL, 'ch', '2024-01-15 17:06:50', NULL, 1, NULL),
(3031, 31, 4, 8, 3, 2, NULL, 'ch', '2024-01-15 17:06:51', NULL, 1, NULL),
(3032, 31, 5, 8, 1, 0, NULL, 'ch', '2024-01-15 17:06:51', NULL, 1, NULL),
(3033, 31, 6, 8, 2, 1, NULL, 'ch', '2024-01-15 17:06:51', NULL, 1, NULL),
(3034, 31, 7, 8, 1, 0, NULL, 'ch', '2024-01-15 17:06:51', NULL, 1, NULL),
(3035, 31, 8, 8, 1, 1, NULL, 'ch', '2024-01-15 17:06:51', NULL, 1, NULL),
(3036, 31, 9, 8, 2, 1, NULL, 'ch', '2024-01-15 17:06:51', NULL, 1, NULL),
(3037, 31, 10, 8, 2, 1, NULL, 'ch', '2024-01-15 17:06:51', NULL, 1, NULL),
(3038, 31, 11, 8, 1, 0, NULL, 'ch', '2024-01-15 17:06:51', NULL, 1, NULL),
(3039, 31, 12, 8, 1, 0, NULL, 'ch', '2024-01-15 17:06:51', NULL, 1, NULL),
(3040, 31, 13, 8, 1, 0, NULL, 'ch', '2024-01-15 17:06:51', NULL, 1, NULL),
(3041, 31, 14, 8, 0, 0, NULL, 'ch', '2024-01-15 17:06:51', NULL, 1, NULL),
(3042, 31, 15, 8, 1, 1, NULL, 'ch', '2024-01-15 17:06:51', NULL, 1, NULL),
(3043, 31, 16, 8, 0, 0, NULL, 'ch', '2024-01-15 17:06:51', NULL, 1, NULL),
(3044, 31, 17, 8, 1, 1, NULL, 'ch', '2024-01-15 17:06:51', NULL, 1, NULL),
(3045, 31, 18, 8, 1, 0, NULL, 'ch', '2024-01-15 17:06:51', NULL, 1, NULL),
(3046, 31, 19, 8, 1, 0, NULL, 'ch', '2024-01-15 17:06:51', NULL, 1, NULL),
(3047, 31, 20, 8, 1, 0, NULL, 'ch', '2024-01-15 17:06:51', NULL, 1, NULL),
(3048, 31, 21, 8, 2, 1, NULL, 'ch', '2024-01-15 17:06:51', NULL, 1, NULL),
(3049, 31, 22, 8, 2, 2, NULL, 'ch', '2024-01-15 17:06:51', NULL, 1, NULL),
(3050, 31, 23, 8, 2, 1, NULL, 'ch', '2024-01-15 17:06:51', NULL, 1, NULL),
(3051, 31, 24, 8, 1, 0, NULL, 'ch', '2024-01-15 17:06:51', NULL, 1, NULL),
(3052, 31, 25, 8, 1, 0, NULL, 'ch', '2024-01-15 17:06:51', NULL, 1, NULL),
(3053, 31, 26, 8, 1, 1, NULL, 'ch', '2024-01-15 17:06:52', NULL, 1, NULL),
(3054, 31, 27, 8, 1, 0, NULL, 'ch', '2024-01-15 17:06:52', NULL, 1, NULL),
(3055, 31, 28, 8, 1, 0, NULL, 'ch', '2024-01-15 17:06:52', NULL, 1, NULL),
(3056, 31, 29, 8, 2, 2, NULL, 'ch', '2024-01-15 17:06:52', NULL, 1, NULL),
(3057, 31, 30, 8, 1, 0, NULL, 'ch', '2024-01-15 17:06:52', NULL, 1, NULL),
(3058, 31, 31, 8, 1, 0, NULL, 'ch', '2024-01-15 17:06:52', NULL, 1, NULL),
(3059, 31, 32, 8, 1, 1, NULL, 'ch', '2024-01-15 17:06:52', NULL, 1, NULL),
(3060, 31, 33, 8, 1, 0, NULL, 'ch', '2024-01-15 17:06:52', NULL, 1, NULL),
(3061, 32, 4, 1, 1, 0, NULL, 'ch', '2024-01-15 17:06:52', NULL, 1, NULL),
(3062, 32, 4, 2, 2, 0, NULL, 'ch', '2024-01-15 17:06:52', NULL, 1, NULL),
(3063, 32, 4, 3, 1, 0, NULL, 'ch', '2024-01-15 17:06:52', NULL, 1, NULL),
(3064, 32, 4, 4, 2, 0, NULL, 'ch', '2024-01-15 17:06:52', NULL, 1, NULL),
(3065, 32, 4, 5, 3, 0, NULL, 'ch', '2024-01-15 17:06:52', NULL, 1, NULL),
(3066, 32, 4, 6, 2, 0, NULL, 'ch', '2024-01-15 17:06:52', NULL, 1, NULL),
(3067, 32, 4, 7, 3, 0, NULL, 'ch', '2024-01-15 17:06:52', NULL, 1, NULL),
(3068, 32, 5, 1, 0, 0, NULL, 'ch', '2024-01-15 17:06:52', NULL, 1, NULL),
(3069, 32, 5, 2, 0, 0, NULL, 'ch', '2024-01-15 17:06:52', NULL, 1, NULL),
(3070, 32, 5, 3, 0, 0, NULL, 'ch', '2024-01-15 17:06:52', NULL, 1, NULL),
(3071, 32, 5, 4, 0, 0, NULL, 'ch', '2024-01-15 17:06:52', NULL, 1, NULL),
(3072, 32, 5, 5, 2, 0, NULL, 'ch', '2024-01-15 17:06:52', NULL, 1, NULL),
(3073, 32, 5, 6, 1, 0, NULL, 'ch', '2024-01-15 17:06:52', NULL, 1, NULL),
(3074, 32, 5, 7, 3, 0, NULL, 'ch', '2024-01-15 17:06:52', NULL, 1, NULL),
(3075, 32, 6, 1, 0, 0, NULL, 'ch', '2024-01-15 17:06:52', NULL, 1, NULL),
(3076, 32, 6, 2, 0, 0, NULL, 'ch', '2024-01-15 17:06:52', NULL, 1, NULL),
(3077, 32, 6, 3, 0, 0, NULL, 'ch', '2024-01-15 17:06:52', NULL, 1, NULL),
(3078, 32, 6, 4, 0, 0, NULL, 'ch', '2024-01-15 17:06:52', NULL, 1, NULL),
(3079, 32, 6, 5, 2, 0, NULL, 'ch', '2024-01-15 17:06:52', NULL, 1, NULL),
(3080, 32, 6, 6, 1, 0, NULL, 'ch', '2024-01-15 17:06:52', NULL, 1, NULL),
(3081, 32, 6, 7, 3, 0, NULL, 'ch', '2024-01-15 17:06:52', NULL, 1, NULL),
(3082, 32, 7, 1, 0, 0, NULL, 'ch', '2024-01-15 17:06:52', NULL, 1, NULL),
(3083, 32, 7, 2, 0, 0, NULL, 'ch', '2024-01-15 17:06:52', NULL, 1, NULL),
(3084, 32, 7, 3, 0, 0, NULL, 'ch', '2024-01-15 17:06:52', NULL, 1, NULL),
(3085, 32, 7, 4, 0, 0, NULL, 'ch', '2024-01-15 17:06:52', NULL, 1, NULL),
(3086, 32, 7, 5, 1, 0, NULL, 'ch', '2024-01-15 17:06:52', NULL, 1, NULL),
(3087, 32, 7, 6, 1, 0, NULL, 'ch', '2024-01-15 17:06:53', NULL, 1, NULL),
(3088, 32, 7, 7, 2, 0, NULL, 'ch', '2024-01-15 17:06:53', NULL, 1, NULL),
(3089, 32, 8, 1, 1, 0, NULL, 'ch', '2024-01-15 17:06:53', NULL, 1, NULL),
(3090, 32, 8, 2, 2, 0, NULL, 'ch', '2024-01-15 17:06:53', NULL, 1, NULL),
(3091, 32, 8, 3, 1, 0, NULL, 'ch', '2024-01-15 17:06:53', NULL, 1, NULL),
(3092, 32, 8, 4, 2, 0, NULL, 'ch', '2024-01-15 17:06:53', NULL, 1, NULL),
(3093, 32, 8, 5, 3, 0, NULL, 'ch', '2024-01-15 17:06:53', NULL, 1, NULL),
(3094, 32, 8, 6, 1, 0, NULL, 'ch', '2024-01-15 17:06:53', NULL, 1, NULL),
(3095, 32, 8, 7, 1, 0, NULL, 'ch', '2024-01-15 17:06:53', NULL, 1, NULL),
(3096, 32, 9, 1, 0, 0, NULL, 'ch', '2024-01-15 17:06:53', NULL, 1, NULL),
(3097, 32, 9, 2, 1, 0, NULL, 'ch', '2024-01-15 17:06:53', NULL, 1, NULL),
(3098, 32, 9, 3, 1, 0, NULL, 'ch', '2024-01-15 17:06:53', NULL, 1, NULL),
(3099, 32, 9, 4, 1, 0, NULL, 'ch', '2024-01-15 17:06:53', NULL, 1, NULL),
(3100, 32, 9, 5, 2, 0, NULL, 'ch', '2024-01-15 17:06:53', NULL, 1, NULL),
(3101, 32, 9, 6, 1, 0, NULL, 'ch', '2024-01-15 17:06:53', NULL, 1, NULL),
(3102, 32, 9, 7, 3, 0, NULL, 'ch', '2024-01-15 17:06:53', NULL, 1, NULL),
(3103, 32, 10, 1, 1, 0, NULL, 'ch', '2024-01-15 17:06:53', NULL, 1, NULL),
(3104, 32, 10, 2, 2, 0, NULL, 'ch', '2024-01-15 17:06:53', NULL, 1, NULL),
(3105, 32, 10, 3, 1, 0, NULL, 'ch', '2024-01-15 17:06:53', NULL, 1, NULL),
(3106, 32, 10, 4, 2, 0, NULL, 'ch', '2024-01-15 17:06:53', NULL, 1, NULL),
(3107, 32, 10, 5, 2, 0, NULL, 'ch', '2024-01-15 17:06:53', NULL, 1, NULL),
(3108, 32, 10, 6, 1, 0, NULL, 'ch', '2024-01-15 17:06:53', NULL, 1, NULL),
(3109, 32, 10, 7, 3, 0, NULL, 'ch', '2024-01-15 17:06:53', NULL, 1, NULL),
(3110, 32, 11, 1, 0, 0, NULL, 'ch', '2024-01-15 17:06:53', NULL, 1, NULL),
(3111, 32, 11, 2, 1, 0, NULL, 'ch', '2024-01-15 17:06:53', NULL, 1, NULL),
(3112, 32, 11, 3, 1, 0, NULL, 'ch', '2024-01-15 17:06:53', NULL, 1, NULL),
(3113, 32, 11, 4, 1, 0, NULL, 'ch', '2024-01-15 17:06:53', NULL, 1, NULL),
(3114, 32, 11, 5, 0, 0, NULL, 'ch', '2024-01-15 17:06:53', NULL, 1, NULL),
(3115, 32, 11, 6, 1, 0, NULL, 'ch', '2024-01-15 17:06:53', NULL, 1, NULL),
(3116, 32, 11, 7, 1, 0, NULL, 'ch', '2024-01-15 17:06:53', NULL, 1, NULL),
(3117, 32, 12, 1, 0, 0, NULL, 'ch', '2024-01-15 17:06:53', NULL, 1, NULL),
(3118, 32, 12, 2, 1, 0, NULL, 'ch', '2024-01-15 17:06:53', NULL, 1, NULL),
(3119, 32, 12, 3, 1, 0, NULL, 'ch', '2024-01-15 17:06:53', NULL, 1, NULL),
(3120, 32, 12, 4, 2, 0, NULL, 'ch', '2024-01-15 17:06:53', NULL, 1, NULL),
(3121, 32, 12, 5, 2, 0, NULL, 'ch', '2024-01-15 17:06:53', NULL, 1, NULL),
(3122, 32, 12, 6, 2, 0, NULL, 'ch', '2024-01-15 17:06:53', NULL, 1, NULL),
(3123, 32, 12, 7, 2, 0, NULL, 'ch', '2024-01-15 17:06:53', NULL, 1, NULL),
(3124, 32, 13, 1, 0, 0, NULL, 'ch', '2024-01-15 17:06:53', NULL, 1, NULL),
(3125, 32, 13, 2, 1, 0, NULL, 'ch', '2024-01-15 17:06:53', NULL, 1, NULL),
(3126, 32, 13, 3, 1, 0, NULL, 'ch', '2024-01-15 17:06:53', NULL, 1, NULL),
(3127, 32, 13, 4, 1, 0, NULL, 'ch', '2024-01-15 17:06:53', NULL, 1, NULL),
(3128, 32, 13, 5, 1, 0, NULL, 'ch', '2024-01-15 17:06:53', NULL, 1, NULL),
(3129, 32, 13, 6, 0, 0, NULL, 'ch', '2024-01-15 17:06:54', NULL, 1, NULL),
(3130, 32, 13, 7, 1, 0, NULL, 'ch', '2024-01-15 17:06:54', NULL, 1, NULL),
(3131, 32, 14, 1, 0, 0, NULL, 'ch', '2024-01-15 17:06:54', NULL, 1, NULL),
(3132, 32, 14, 2, 1, 0, NULL, 'ch', '2024-01-15 17:06:54', NULL, 1, NULL),
(3133, 32, 14, 3, 0, 0, NULL, 'ch', '2024-01-15 17:06:54', NULL, 1, NULL),
(3134, 32, 14, 4, 1, 0, NULL, 'ch', '2024-01-15 17:06:54', NULL, 1, NULL),
(3135, 32, 14, 5, 0, 0, NULL, 'ch', '2024-01-15 17:06:54', NULL, 1, NULL),
(3136, 32, 14, 6, 0, 0, NULL, 'ch', '2024-01-15 17:06:54', NULL, 1, NULL),
(3137, 32, 14, 7, 1, 0, NULL, 'ch', '2024-01-15 17:06:54', NULL, 1, NULL),
(3138, 32, 15, 1, 0, 0, NULL, 'ch', '2024-01-15 17:06:54', NULL, 1, NULL),
(3139, 32, 15, 2, 0, 0, NULL, 'ch', '2024-01-15 17:06:54', NULL, 1, NULL),
(3140, 32, 15, 3, 0, 0, NULL, 'ch', '2024-01-15 17:06:54', NULL, 1, NULL),
(3141, 32, 15, 4, 0, 0, NULL, 'ch', '2024-01-15 17:06:54', NULL, 1, NULL),
(3142, 32, 15, 5, 1, 0, NULL, 'ch', '2024-01-15 17:06:54', NULL, 1, NULL),
(3143, 32, 15, 6, 1, 0, NULL, 'ch', '2024-01-15 17:06:54', NULL, 1, NULL),
(3144, 32, 15, 7, 2, 0, NULL, 'ch', '2024-01-15 17:06:54', NULL, 1, NULL),
(3145, 32, 16, 1, 0, 0, NULL, 'ch', '2024-01-15 17:06:54', NULL, 1, NULL),
(3146, 32, 16, 2, 0, 0, NULL, 'ch', '2024-01-15 17:06:54', NULL, 1, NULL),
(3147, 32, 16, 3, 0, 0, NULL, 'ch', '2024-01-15 17:06:54', NULL, 1, NULL),
(3148, 32, 16, 4, 0, 0, NULL, 'ch', '2024-01-15 17:06:54', NULL, 1, NULL),
(3149, 32, 16, 5, 0, 0, NULL, 'ch', '2024-01-15 17:06:54', NULL, 1, NULL);
INSERT INTO `ESG_QUESTIONAIRE_ANSWERS` (`ESG_QUESTIONAIRE_ANSWER_ID`, `ESG_QUESTIONAIRE_ID`, `ESG_MEASURE_ID`, `STAKEHOLDER_ID`, `ESG_QUESTIONAIRE_ANSWER_PRIORITY`, `ESG_QUESTIONAIRE_ANSWER_STATUS`, `ESG_QUESTIONAIRE_ANSWER_COMMENTS`, `ESG_QUESTIONAIRE_ANSWER_COUNTRY_ISO`, `ESG_QUESTIONAIRE_ANSWER_CREATED`, `ESG_QUESTIONAIRE_ANSWER_UPDATED`, `ESG_QUESTIONAIRE_ANSWER_CREATED_BY`, `ESG_QUESTIONAIRE_ANSWER_UPDATED_BY`) VALUES
(3150, 32, 16, 6, 0, 0, NULL, 'ch', '2024-01-15 17:06:54', NULL, 1, NULL),
(3151, 32, 16, 7, 1, 0, NULL, 'ch', '2024-01-15 17:06:54', NULL, 1, NULL),
(3152, 32, 17, 1, 0, 0, NULL, 'ch', '2024-01-15 17:06:54', NULL, 1, NULL),
(3153, 32, 17, 2, 1, 0, NULL, 'ch', '2024-01-15 17:06:54', NULL, 1, NULL),
(3154, 32, 17, 3, 0, 0, NULL, 'ch', '2024-01-15 17:06:54', NULL, 1, NULL),
(3155, 32, 17, 4, 1, 0, NULL, 'ch', '2024-01-15 17:06:54', NULL, 1, NULL),
(3156, 32, 17, 5, 1, 0, NULL, 'ch', '2024-01-15 17:06:54', NULL, 1, NULL),
(3157, 32, 17, 6, 1, 0, NULL, 'ch', '2024-01-15 17:06:54', NULL, 1, NULL),
(3158, 32, 17, 7, 1, 0, NULL, 'ch', '2024-01-15 17:06:54', NULL, 1, NULL),
(3159, 32, 18, 1, 0, 0, NULL, 'ch', '2024-01-15 17:06:54', NULL, 1, NULL),
(3160, 32, 18, 2, 0, 0, NULL, 'ch', '2024-01-15 17:06:54', NULL, 1, NULL),
(3161, 32, 18, 3, 0, 0, NULL, 'ch', '2024-01-15 17:06:54', NULL, 1, NULL),
(3162, 32, 18, 4, 1, 0, NULL, 'ch', '2024-01-15 17:06:54', NULL, 1, NULL),
(3163, 32, 18, 5, 0, 0, NULL, 'ch', '2024-01-15 17:06:54', NULL, 1, NULL),
(3164, 32, 18, 6, 0, 0, NULL, 'ch', '2024-01-15 17:06:54', NULL, 1, NULL),
(3165, 32, 18, 7, 1, 0, NULL, 'ch', '2024-01-15 17:06:54', NULL, 1, NULL),
(3166, 32, 19, 1, 1, 0, NULL, 'ch', '2024-01-15 17:06:54', NULL, 1, NULL),
(3167, 32, 19, 2, 1, 0, NULL, 'ch', '2024-01-15 17:06:54', NULL, 1, NULL),
(3168, 32, 19, 3, 1, 0, NULL, 'ch', '2024-01-15 17:06:54', NULL, 1, NULL),
(3169, 32, 19, 4, 1, 0, NULL, 'ch', '2024-01-15 17:06:54', NULL, 1, NULL),
(3170, 32, 19, 5, 3, 0, NULL, 'ch', '2024-01-15 17:06:54', NULL, 1, NULL),
(3171, 32, 19, 6, 1, 0, NULL, 'ch', '2024-01-15 17:06:54', NULL, 1, NULL),
(3172, 32, 19, 7, 2, 0, NULL, 'ch', '2024-01-15 17:06:54', NULL, 1, NULL),
(3173, 32, 20, 1, 1, 0, NULL, 'ch', '2024-01-15 17:06:54', NULL, 1, NULL),
(3174, 32, 20, 2, 0, 0, NULL, 'ch', '2024-01-15 17:06:54', NULL, 1, NULL),
(3175, 32, 20, 3, 0, 0, NULL, 'ch', '2024-01-15 17:06:54', NULL, 1, NULL),
(3176, 32, 20, 4, 0, 0, NULL, 'ch', '2024-01-15 17:06:54', NULL, 1, NULL),
(3177, 32, 20, 5, 1, 0, NULL, 'ch', '2024-01-15 17:06:55', NULL, 1, NULL),
(3178, 32, 20, 6, 1, 0, NULL, 'ch', '2024-01-15 17:06:55', NULL, 1, NULL),
(3179, 32, 20, 7, 1, 0, NULL, 'ch', '2024-01-15 17:06:55', NULL, 1, NULL),
(3180, 32, 21, 1, 2, 0, NULL, 'ch', '2024-01-15 17:06:55', NULL, 1, NULL),
(3181, 32, 21, 2, 0, 0, NULL, 'ch', '2024-01-15 17:06:55', NULL, 1, NULL),
(3182, 32, 21, 3, 0, 0, NULL, 'ch', '2024-01-15 17:06:55', NULL, 1, NULL),
(3183, 32, 21, 4, 2, 0, NULL, 'ch', '2024-01-15 17:06:55', NULL, 1, NULL),
(3184, 32, 21, 5, 2, 0, NULL, 'ch', '2024-01-15 17:06:55', NULL, 1, NULL),
(3185, 32, 21, 6, 1, 0, NULL, 'ch', '2024-01-15 17:06:55', NULL, 1, NULL),
(3186, 32, 21, 7, 2, 0, NULL, 'ch', '2024-01-15 17:06:55', NULL, 1, NULL),
(3187, 32, 22, 1, 1, 0, NULL, 'ch', '2024-01-15 17:06:55', NULL, 1, NULL),
(3188, 32, 22, 2, 2, 0, NULL, 'ch', '2024-01-15 17:06:55', NULL, 1, NULL),
(3189, 32, 22, 3, 2, 0, NULL, 'ch', '2024-01-15 17:06:55', NULL, 1, NULL),
(3190, 32, 22, 4, 2, 0, NULL, 'ch', '2024-01-15 17:06:55', NULL, 1, NULL),
(3191, 32, 22, 5, 2, 0, NULL, 'ch', '2024-01-15 17:06:55', NULL, 1, NULL),
(3192, 32, 22, 6, 1, 0, NULL, 'ch', '2024-01-15 17:06:55', NULL, 1, NULL),
(3193, 32, 22, 7, 2, 0, NULL, 'ch', '2024-01-15 17:06:55', NULL, 1, NULL),
(3194, 32, 23, 1, 1, 0, NULL, 'ch', '2024-01-15 17:06:55', NULL, 1, NULL),
(3195, 32, 23, 2, 0, 0, NULL, 'ch', '2024-01-15 17:06:55', NULL, 1, NULL),
(3196, 32, 23, 3, 0, 0, NULL, 'ch', '2024-01-15 17:06:55', NULL, 1, NULL),
(3197, 32, 23, 4, 2, 0, NULL, 'ch', '2024-01-15 17:06:55', NULL, 1, NULL),
(3198, 32, 23, 5, 2, 0, NULL, 'ch', '2024-01-15 17:06:55', NULL, 1, NULL),
(3199, 32, 23, 6, 1, 0, NULL, 'ch', '2024-01-15 17:06:55', NULL, 1, NULL),
(3200, 32, 23, 7, 1, 0, NULL, 'ch', '2024-01-15 17:06:55', NULL, 1, NULL),
(3201, 32, 24, 1, 1, 0, NULL, 'ch', '2024-01-15 17:06:55', NULL, 1, NULL),
(3202, 32, 24, 2, 0, 0, NULL, 'ch', '2024-01-15 17:06:55', NULL, 1, NULL),
(3203, 32, 24, 3, 0, 0, NULL, 'ch', '2024-01-15 17:06:55', NULL, 1, NULL),
(3204, 32, 24, 4, 0, 0, NULL, 'ch', '2024-01-15 17:06:55', NULL, 1, NULL),
(3205, 32, 24, 5, 1, 0, NULL, 'ch', '2024-01-15 17:06:55', NULL, 1, NULL),
(3206, 32, 24, 6, 1, 0, NULL, 'ch', '2024-01-15 17:06:55', NULL, 1, NULL),
(3207, 32, 24, 7, 1, 0, NULL, 'ch', '2024-01-15 17:06:55', NULL, 1, NULL),
(3208, 32, 25, 1, 0, 0, NULL, 'ch', '2024-01-15 17:06:55', NULL, 1, NULL),
(3209, 32, 25, 2, 1, 0, NULL, 'ch', '2024-01-15 17:06:55', NULL, 1, NULL),
(3210, 32, 25, 3, 1, 0, NULL, 'ch', '2024-01-15 17:06:55', NULL, 1, NULL),
(3211, 32, 25, 4, 1, 0, NULL, 'ch', '2024-01-15 17:06:55', NULL, 1, NULL),
(3212, 32, 25, 5, 2, 0, NULL, 'ch', '2024-01-15 17:06:55', NULL, 1, NULL),
(3213, 32, 25, 6, 1, 0, NULL, 'ch', '2024-01-15 17:06:55', NULL, 1, NULL),
(3214, 32, 25, 7, 2, 0, NULL, 'ch', '2024-01-15 17:06:55', NULL, 1, NULL),
(3215, 32, 26, 1, 2, 0, NULL, 'ch', '2024-01-15 17:06:55', NULL, 1, NULL),
(3216, 32, 26, 2, 2, 0, NULL, 'ch', '2024-01-15 17:06:55', NULL, 1, NULL),
(3217, 32, 26, 3, 1, 0, NULL, 'ch', '2024-01-15 17:06:55', NULL, 1, NULL),
(3218, 32, 26, 4, 1, 0, NULL, 'ch', '2024-01-15 17:06:55', NULL, 1, NULL),
(3219, 32, 26, 5, 1, 0, NULL, 'ch', '2024-01-15 17:06:55', NULL, 1, NULL),
(3220, 32, 26, 6, 2, 0, NULL, 'ch', '2024-01-15 17:06:55', NULL, 1, NULL),
(3221, 32, 26, 7, 2, 0, NULL, 'ch', '2024-01-15 17:06:55', NULL, 1, NULL),
(3222, 32, 27, 1, 1, 0, NULL, 'ch', '2024-01-15 17:06:55', NULL, 1, NULL),
(3223, 32, 27, 2, 1, 0, NULL, 'ch', '2024-01-15 17:06:56', NULL, 1, NULL),
(3224, 32, 27, 3, 1, 0, NULL, 'ch', '2024-01-15 17:06:56', NULL, 1, NULL),
(3225, 32, 27, 4, 1, 0, NULL, 'ch', '2024-01-15 17:06:56', NULL, 1, NULL),
(3226, 32, 27, 5, 2, 0, NULL, 'ch', '2024-01-15 17:06:56', NULL, 1, NULL),
(3227, 32, 27, 6, 2, 0, NULL, 'ch', '2024-01-15 17:06:56', NULL, 1, NULL),
(3228, 32, 27, 7, 2, 0, NULL, 'ch', '2024-01-15 17:06:56', NULL, 1, NULL),
(3229, 32, 28, 1, 0, 0, NULL, 'ch', '2024-01-15 17:06:56', NULL, 1, NULL),
(3230, 32, 28, 2, 1, 0, NULL, 'ch', '2024-01-15 17:06:56', NULL, 1, NULL),
(3231, 32, 28, 3, 0, 0, NULL, 'ch', '2024-01-15 17:06:56', NULL, 1, NULL),
(3232, 32, 28, 4, 1, 0, NULL, 'ch', '2024-01-15 17:06:56', NULL, 1, NULL),
(3233, 32, 28, 5, 2, 0, NULL, 'ch', '2024-01-15 17:06:56', NULL, 1, NULL),
(3234, 32, 28, 6, 1, 0, NULL, 'ch', '2024-01-15 17:06:56', NULL, 1, NULL),
(3235, 32, 28, 7, 1, 0, NULL, 'ch', '2024-01-15 17:06:56', NULL, 1, NULL),
(3236, 32, 29, 1, 2, 0, NULL, 'ch', '2024-01-15 17:06:56', NULL, 1, NULL),
(3237, 32, 29, 2, 2, 0, NULL, 'ch', '2024-01-15 17:06:56', NULL, 1, NULL),
(3238, 32, 29, 3, 1, 0, NULL, 'ch', '2024-01-15 17:06:56', NULL, 1, NULL),
(3239, 32, 29, 4, 2, 0, NULL, 'ch', '2024-01-15 17:06:56', NULL, 1, NULL),
(3240, 32, 29, 5, 1, 0, NULL, 'ch', '2024-01-15 17:06:56', NULL, 1, NULL),
(3241, 32, 29, 6, 3, 0, NULL, 'ch', '2024-01-15 17:06:56', NULL, 1, NULL),
(3242, 32, 29, 7, 1, 0, NULL, 'ch', '2024-01-15 17:06:56', NULL, 1, NULL),
(3243, 32, 30, 1, 1, 0, NULL, 'ch', '2024-01-15 17:06:56', NULL, 1, NULL),
(3244, 32, 30, 2, 1, 0, NULL, 'ch', '2024-01-15 17:06:56', NULL, 1, NULL),
(3245, 32, 30, 3, 1, 0, NULL, 'ch', '2024-01-15 17:06:56', NULL, 1, NULL),
(3246, 32, 30, 4, 1, 0, NULL, 'ch', '2024-01-15 17:06:56', NULL, 1, NULL),
(3247, 32, 30, 5, 1, 0, NULL, 'ch', '2024-01-15 17:06:56', NULL, 1, NULL),
(3248, 32, 30, 6, 1, 0, NULL, 'ch', '2024-01-15 17:06:56', NULL, 1, NULL),
(3249, 32, 30, 7, 1, 0, NULL, 'ch', '2024-01-15 17:06:56', NULL, 1, NULL),
(3250, 32, 31, 1, 0, 0, NULL, 'ch', '2024-01-15 17:06:56', NULL, 1, NULL),
(3251, 32, 31, 2, 1, 0, NULL, 'ch', '2024-01-15 17:06:56', NULL, 1, NULL),
(3252, 32, 31, 3, 1, 0, NULL, 'ch', '2024-01-15 17:06:56', NULL, 1, NULL),
(3253, 32, 31, 4, 1, 0, NULL, 'ch', '2024-01-15 17:06:56', NULL, 1, NULL),
(3254, 32, 31, 5, 1, 0, NULL, 'ch', '2024-01-15 17:06:56', NULL, 1, NULL),
(3255, 32, 31, 6, 1, 0, NULL, 'ch', '2024-01-15 17:06:56', NULL, 1, NULL),
(3256, 32, 31, 7, 1, 0, NULL, 'ch', '2024-01-15 17:06:56', NULL, 1, NULL),
(3257, 32, 32, 1, 0, 0, NULL, 'ch', '2024-01-15 17:06:56', NULL, 1, NULL),
(3258, 32, 32, 2, 1, 0, NULL, 'ch', '2024-01-15 17:06:56', NULL, 1, NULL),
(3259, 32, 32, 3, 0, 0, NULL, 'ch', '2024-01-15 17:06:56', NULL, 1, NULL),
(3260, 32, 32, 4, 1, 0, NULL, 'ch', '2024-01-15 17:06:56', NULL, 1, NULL),
(3261, 32, 32, 5, 0, 0, NULL, 'ch', '2024-01-15 17:06:56', NULL, 1, NULL),
(3262, 32, 32, 6, 2, 0, NULL, 'ch', '2024-01-15 17:06:56', NULL, 1, NULL),
(3263, 32, 32, 7, 1, 0, NULL, 'ch', '2024-01-15 17:06:56', NULL, 1, NULL),
(3264, 32, 33, 1, 0, 0, NULL, 'ch', '2024-01-15 17:06:56', NULL, 1, NULL),
(3265, 32, 33, 2, 1, 0, NULL, 'ch', '2024-01-15 17:06:56', NULL, 1, NULL),
(3266, 32, 33, 3, 0, 0, NULL, 'ch', '2024-01-15 17:06:56', NULL, 1, NULL),
(3267, 32, 33, 4, 1, 0, NULL, 'ch', '2024-01-15 17:06:56', NULL, 1, NULL),
(3268, 32, 33, 5, 0, 0, NULL, 'ch', '2024-01-15 17:06:56', NULL, 1, NULL),
(3269, 32, 33, 6, 1, 0, NULL, 'ch', '2024-01-15 17:06:56', NULL, 1, NULL),
(3270, 32, 33, 7, 2, 0, NULL, 'ch', '2024-01-15 17:06:57', NULL, 1, NULL),
(3271, 33, 4, 8, 3, 1, NULL, 'ch', '2024-01-15 17:13:31', NULL, 1, NULL),
(3272, 33, 5, 8, 3, 0, NULL, 'ch', '2024-01-15 17:13:31', NULL, 1, NULL),
(3273, 33, 6, 8, 2, 0, NULL, 'ch', '2024-01-15 17:13:31', NULL, 1, NULL),
(3274, 33, 7, 8, 1, 1, NULL, 'ch', '2024-01-15 17:13:31', NULL, 1, NULL),
(3275, 33, 8, 8, 1, 0, NULL, 'ch', '2024-01-15 17:13:31', NULL, 1, NULL),
(3276, 33, 9, 8, 3, 0, NULL, 'ch', '2024-01-15 17:13:31', NULL, 1, NULL),
(3277, 33, 10, 8, 1, 1, NULL, 'ch', '2024-01-15 17:13:32', NULL, 1, NULL),
(3278, 33, 11, 8, 3, 1, NULL, 'ch', '2024-01-15 17:13:32', NULL, 1, NULL),
(3279, 33, 12, 8, 2, 1, NULL, 'ch', '2024-01-15 17:13:32', NULL, 1, NULL),
(3280, 33, 13, 8, 2, 0, NULL, 'ch', '2024-01-15 17:13:32', NULL, 1, NULL),
(3281, 33, 14, 8, 0, 0, NULL, 'ch', '2024-01-15 17:13:32', NULL, 1, NULL),
(3282, 33, 15, 8, 1, 1, NULL, 'ch', '2024-01-15 17:13:32', NULL, 1, NULL),
(3283, 33, 16, 8, 1, 0, NULL, 'ch', '2024-01-15 17:13:32', NULL, 1, NULL),
(3284, 33, 17, 8, 2, 0, NULL, 'ch', '2024-01-15 17:13:32', NULL, 1, NULL),
(3285, 33, 18, 8, 1, 0, NULL, 'ch', '2024-01-15 17:13:32', NULL, 1, NULL),
(3286, 33, 19, 8, 1, 0, NULL, 'ch', '2024-01-15 17:13:32', NULL, 1, NULL),
(3287, 33, 20, 8, 2, 0, NULL, 'ch', '2024-01-15 17:13:32', NULL, 1, NULL),
(3288, 33, 21, 8, 2, 1, NULL, 'ch', '2024-01-15 17:13:32', NULL, 1, NULL),
(3289, 33, 22, 8, 3, 3, NULL, 'ch', '2024-01-15 17:13:32', NULL, 1, NULL),
(3290, 33, 23, 8, 1, 2, NULL, 'ch', '2024-01-15 17:13:32', NULL, 1, NULL),
(3291, 33, 24, 8, 0, 0, NULL, 'ch', '2024-01-15 17:13:32', NULL, 1, NULL),
(3292, 33, 25, 8, 1, 1, NULL, 'ch', '2024-01-15 17:13:32', NULL, 1, NULL),
(3293, 33, 26, 8, 2, 1, NULL, 'ch', '2024-01-15 17:13:32', NULL, 1, NULL),
(3294, 33, 27, 8, 3, 1, NULL, 'ch', '2024-01-15 17:13:32', NULL, 1, NULL),
(3295, 33, 28, 8, 2, 0, NULL, 'ch', '2024-01-15 17:13:32', NULL, 1, NULL),
(3296, 33, 29, 8, 2, 0, NULL, 'ch', '2024-01-15 17:13:32', NULL, 1, NULL),
(3297, 33, 30, 8, 1, 0, NULL, 'ch', '2024-01-15 17:13:32', NULL, 1, NULL),
(3298, 33, 31, 8, 1, 0, NULL, 'ch', '2024-01-15 17:13:32', NULL, 1, NULL),
(3299, 33, 32, 8, 2, 0, NULL, 'ch', '2024-01-15 17:13:33', NULL, 1, NULL),
(3300, 33, 33, 8, 0, 0, NULL, 'ch', '2024-01-15 17:13:33', NULL, 1, NULL),
(3301, 34, 4, 1, 1, 0, NULL, 'ch', '2024-01-15 17:13:33', NULL, 1, NULL),
(3302, 34, 4, 2, 0, 0, NULL, 'ch', '2024-01-15 17:13:33', NULL, 1, NULL),
(3303, 34, 4, 3, 0, 0, NULL, 'ch', '2024-01-15 17:13:33', NULL, 1, NULL),
(3304, 34, 4, 4, 1, 0, NULL, 'ch', '2024-01-15 17:13:33', NULL, 1, NULL),
(3305, 34, 4, 5, 3, 0, NULL, 'ch', '2024-01-15 17:13:33', NULL, 1, NULL),
(3306, 34, 4, 6, 3, 0, NULL, 'ch', '2024-01-15 17:13:33', NULL, 1, NULL),
(3307, 34, 4, 7, 3, 0, NULL, 'ch', '2024-01-15 17:13:33', NULL, 1, NULL),
(3308, 34, 5, 1, 1, 0, NULL, 'ch', '2024-01-15 17:13:33', NULL, 1, NULL),
(3309, 34, 5, 2, 3, 0, NULL, 'ch', '2024-01-15 17:13:33', NULL, 1, NULL),
(3310, 34, 5, 3, 0, 0, NULL, 'ch', '2024-01-15 17:13:33', NULL, 1, NULL),
(3311, 34, 5, 4, 2, 0, NULL, 'ch', '2024-01-15 17:13:33', NULL, 1, NULL),
(3312, 34, 5, 5, 3, 0, NULL, 'ch', '2024-01-15 17:13:33', NULL, 1, NULL),
(3313, 34, 5, 6, 3, 0, NULL, 'ch', '2024-01-15 17:13:33', NULL, 1, NULL),
(3314, 34, 5, 7, 3, 0, NULL, 'ch', '2024-01-15 17:13:33', NULL, 1, NULL),
(3315, 34, 6, 1, 2, 0, NULL, 'ch', '2024-01-15 17:13:33', NULL, 1, NULL),
(3316, 34, 6, 2, 0, 0, NULL, 'ch', '2024-01-15 17:13:33', NULL, 1, NULL),
(3317, 34, 6, 3, 0, 0, NULL, 'ch', '2024-01-15 17:13:33', NULL, 1, NULL),
(3318, 34, 6, 4, 1, 0, NULL, 'ch', '2024-01-15 17:13:33', NULL, 1, NULL),
(3319, 34, 6, 5, 1, 0, NULL, 'ch', '2024-01-15 17:13:33', NULL, 1, NULL),
(3320, 34, 6, 6, 3, 0, NULL, 'ch', '2024-01-15 17:13:33', NULL, 1, NULL),
(3321, 34, 6, 7, 3, 0, NULL, 'ch', '2024-01-15 17:13:33', NULL, 1, NULL),
(3322, 34, 7, 1, 2, 0, NULL, 'ch', '2024-01-15 17:13:33', NULL, 1, NULL),
(3323, 34, 7, 2, 0, 0, NULL, 'ch', '2024-01-15 17:13:33', NULL, 1, NULL),
(3324, 34, 7, 3, 0, 0, NULL, 'ch', '2024-01-15 17:13:33', NULL, 1, NULL),
(3325, 34, 7, 4, 1, 0, NULL, 'ch', '2024-01-15 17:13:33', NULL, 1, NULL),
(3326, 34, 7, 5, 0, 0, NULL, 'ch', '2024-01-15 17:13:33', NULL, 1, NULL),
(3327, 34, 7, 6, 3, 0, NULL, 'ch', '2024-01-15 17:13:33', NULL, 1, NULL),
(3328, 34, 7, 7, 2, 0, NULL, 'ch', '2024-01-15 17:13:33', NULL, 1, NULL),
(3329, 34, 8, 1, 1, 0, NULL, 'ch', '2024-01-15 17:13:33', NULL, 1, NULL),
(3330, 34, 8, 2, 3, 0, NULL, 'ch', '2024-01-15 17:13:33', NULL, 1, NULL),
(3331, 34, 8, 3, 2, 0, NULL, 'ch', '2024-01-15 17:13:33', NULL, 1, NULL),
(3332, 34, 8, 4, 1, 0, NULL, 'ch', '2024-01-15 17:13:33', NULL, 1, NULL),
(3333, 34, 8, 5, 3, 0, NULL, 'ch', '2024-01-15 17:13:33', NULL, 1, NULL),
(3334, 34, 8, 6, 3, 0, NULL, 'ch', '2024-01-15 17:13:33', NULL, 1, NULL),
(3335, 34, 8, 7, 3, 0, NULL, 'ch', '2024-01-15 17:13:33', NULL, 1, NULL),
(3336, 34, 9, 1, 0, 0, NULL, 'ch', '2024-01-15 17:13:33', NULL, 1, NULL),
(3337, 34, 9, 2, 0, 0, NULL, 'ch', '2024-01-15 17:13:34', NULL, 1, NULL),
(3338, 34, 9, 3, 0, 0, NULL, 'ch', '2024-01-15 17:13:34', NULL, 1, NULL),
(3339, 34, 9, 4, 1, 0, NULL, 'ch', '2024-01-15 17:13:34', NULL, 1, NULL),
(3340, 34, 9, 5, 1, 0, NULL, 'ch', '2024-01-15 17:13:34', NULL, 1, NULL),
(3341, 34, 9, 6, 3, 0, NULL, 'ch', '2024-01-15 17:13:34', NULL, 1, NULL),
(3342, 34, 9, 7, 3, 0, NULL, 'ch', '2024-01-15 17:13:34', NULL, 1, NULL),
(3343, 34, 10, 1, 1, 0, NULL, 'ch', '2024-01-15 17:13:34', NULL, 1, NULL),
(3344, 34, 10, 2, 0, 0, NULL, 'ch', '2024-01-15 17:13:34', NULL, 1, NULL),
(3345, 34, 10, 3, 0, 0, NULL, 'ch', '2024-01-15 17:13:34', NULL, 1, NULL),
(3346, 34, 10, 4, 1, 0, NULL, 'ch', '2024-01-15 17:13:34', NULL, 1, NULL),
(3347, 34, 10, 5, 1, 0, NULL, 'ch', '2024-01-15 17:13:34', NULL, 1, NULL),
(3348, 34, 10, 6, 3, 0, NULL, 'ch', '2024-01-15 17:13:34', NULL, 1, NULL),
(3349, 34, 10, 7, 3, 0, NULL, 'ch', '2024-01-15 17:13:34', NULL, 1, NULL),
(3350, 34, 11, 1, 1, 0, NULL, 'ch', '2024-01-15 17:13:34', NULL, 1, NULL),
(3351, 34, 11, 2, 2, 0, NULL, 'ch', '2024-01-15 17:13:34', NULL, 1, NULL),
(3352, 34, 11, 3, 2, 0, NULL, 'ch', '2024-01-15 17:13:34', NULL, 1, NULL),
(3353, 34, 11, 4, 2, 0, NULL, 'ch', '2024-01-15 17:13:34', NULL, 1, NULL),
(3354, 34, 11, 5, 0, 0, NULL, 'ch', '2024-01-15 17:13:34', NULL, 1, NULL),
(3355, 34, 11, 6, 3, 0, NULL, 'ch', '2024-01-15 17:13:34', NULL, 1, NULL),
(3356, 34, 11, 7, 0, 0, NULL, 'ch', '2024-01-15 17:13:34', NULL, 1, NULL),
(3357, 34, 12, 1, 2, 0, NULL, 'ch', '2024-01-15 17:13:34', NULL, 1, NULL),
(3358, 34, 12, 2, 3, 0, NULL, 'ch', '2024-01-15 17:13:34', NULL, 1, NULL),
(3359, 34, 12, 3, 2, 0, NULL, 'ch', '2024-01-15 17:13:34', NULL, 1, NULL),
(3360, 34, 12, 4, 3, 0, NULL, 'ch', '2024-01-15 17:13:34', NULL, 1, NULL),
(3361, 34, 12, 5, 0, 0, NULL, 'ch', '2024-01-15 17:13:34', NULL, 1, NULL),
(3362, 34, 12, 6, 3, 0, NULL, 'ch', '2024-01-15 17:13:34', NULL, 1, NULL),
(3363, 34, 12, 7, 3, 0, NULL, 'ch', '2024-01-15 17:13:34', NULL, 1, NULL),
(3364, 34, 13, 1, 1, 0, NULL, 'ch', '2024-01-15 17:13:34', NULL, 1, NULL),
(3365, 34, 13, 2, 0, 0, NULL, 'ch', '2024-01-15 17:13:34', NULL, 1, NULL),
(3366, 34, 13, 3, 0, 0, NULL, 'ch', '2024-01-15 17:13:34', NULL, 1, NULL),
(3367, 34, 13, 4, 0, 0, NULL, 'ch', '2024-01-15 17:13:34', NULL, 1, NULL),
(3368, 34, 13, 5, 0, 0, NULL, 'ch', '2024-01-15 17:13:34', NULL, 1, NULL),
(3369, 34, 13, 6, 0, 0, NULL, 'ch', '2024-01-15 17:13:34', NULL, 1, NULL),
(3370, 34, 13, 7, 1, 0, NULL, 'ch', '2024-01-15 17:13:34', NULL, 1, NULL),
(3371, 34, 14, 1, 0, 0, NULL, 'ch', '2024-01-15 17:13:34', NULL, 1, NULL),
(3372, 34, 14, 2, 2, 0, NULL, 'ch', '2024-01-15 17:13:34', NULL, 1, NULL),
(3373, 34, 14, 3, 2, 0, NULL, 'ch', '2024-01-15 17:13:34', NULL, 1, NULL),
(3374, 34, 14, 4, 1, 0, NULL, 'ch', '2024-01-15 17:13:34', NULL, 1, NULL),
(3375, 34, 14, 5, 0, 0, NULL, 'ch', '2024-01-15 17:13:34', NULL, 1, NULL),
(3376, 34, 14, 6, 3, 0, NULL, 'ch', '2024-01-15 17:13:34', NULL, 1, NULL),
(3377, 34, 14, 7, 1, 0, NULL, 'ch', '2024-01-15 17:13:34', NULL, 1, NULL),
(3378, 34, 15, 1, 0, 0, NULL, 'ch', '2024-01-15 17:13:34', NULL, 1, NULL),
(3379, 34, 15, 2, 0, 0, NULL, 'ch', '2024-01-15 17:13:34', NULL, 1, NULL),
(3380, 34, 15, 3, 0, 0, NULL, 'ch', '2024-01-15 17:13:34', NULL, 1, NULL),
(3381, 34, 15, 4, 0, 0, NULL, 'ch', '2024-01-15 17:13:34', NULL, 1, NULL),
(3382, 34, 15, 5, 1, 0, NULL, 'ch', '2024-01-15 17:13:34', NULL, 1, NULL),
(3383, 34, 15, 6, 3, 0, NULL, 'ch', '2024-01-15 17:13:34', NULL, 1, NULL),
(3384, 34, 15, 7, 3, 0, NULL, 'ch', '2024-01-15 17:13:34', NULL, 1, NULL),
(3385, 34, 16, 1, 0, 0, NULL, 'ch', '2024-01-15 17:13:34', NULL, 1, NULL),
(3386, 34, 16, 2, 0, 0, NULL, 'ch', '2024-01-15 17:13:34', NULL, 1, NULL),
(3387, 34, 16, 3, 0, 0, NULL, 'ch', '2024-01-15 17:13:34', NULL, 1, NULL),
(3388, 34, 16, 4, 1, 0, NULL, 'ch', '2024-01-15 17:13:34', NULL, 1, NULL),
(3389, 34, 16, 5, 0, 0, NULL, 'ch', '2024-01-15 17:13:34', NULL, 1, NULL),
(3390, 34, 16, 6, 1, 0, NULL, 'ch', '2024-01-15 17:13:35', NULL, 1, NULL),
(3391, 34, 16, 7, 0, 0, NULL, 'ch', '2024-01-15 17:13:35', NULL, 1, NULL),
(3392, 34, 17, 1, 0, 0, NULL, 'ch', '2024-01-15 17:13:35', NULL, 1, NULL),
(3393, 34, 17, 2, 0, 0, NULL, 'ch', '2024-01-15 17:13:35', NULL, 1, NULL),
(3394, 34, 17, 3, 0, 0, NULL, 'ch', '2024-01-15 17:13:35', NULL, 1, NULL),
(3395, 34, 17, 4, 2, 0, NULL, 'ch', '2024-01-15 17:13:35', NULL, 1, NULL),
(3396, 34, 17, 5, 0, 0, NULL, 'ch', '2024-01-15 17:13:35', NULL, 1, NULL),
(3397, 34, 17, 6, 3, 0, NULL, 'ch', '2024-01-15 17:13:35', NULL, 1, NULL),
(3398, 34, 17, 7, 0, 0, NULL, 'ch', '2024-01-15 17:13:35', NULL, 1, NULL),
(3399, 34, 18, 1, 1, 0, NULL, 'ch', '2024-01-15 17:13:35', NULL, 1, NULL),
(3400, 34, 18, 2, 0, 0, NULL, 'ch', '2024-01-15 17:13:35', NULL, 1, NULL),
(3401, 34, 18, 3, 0, 0, NULL, 'ch', '2024-01-15 17:13:35', NULL, 1, NULL),
(3402, 34, 18, 4, 3, 0, NULL, 'ch', '2024-01-15 17:13:35', NULL, 1, NULL),
(3403, 34, 18, 5, 0, 0, NULL, 'ch', '2024-01-15 17:13:35', NULL, 1, NULL),
(3404, 34, 18, 6, 1, 0, NULL, 'ch', '2024-01-15 17:13:35', NULL, 1, NULL),
(3405, 34, 18, 7, 2, 0, NULL, 'ch', '2024-01-15 17:13:35', NULL, 1, NULL),
(3406, 34, 19, 1, 0, 0, NULL, 'ch', '2024-01-15 17:13:35', NULL, 1, NULL),
(3407, 34, 19, 2, 1, 0, NULL, 'ch', '2024-01-15 17:13:35', NULL, 1, NULL),
(3408, 34, 19, 3, 0, 0, NULL, 'ch', '2024-01-15 17:13:35', NULL, 1, NULL),
(3409, 34, 19, 4, 3, 0, NULL, 'ch', '2024-01-15 17:13:35', NULL, 1, NULL),
(3410, 34, 19, 5, 1, 0, NULL, 'ch', '2024-01-15 17:13:35', NULL, 1, NULL),
(3411, 34, 19, 6, 2, 0, NULL, 'ch', '2024-01-15 17:13:35', NULL, 1, NULL),
(3412, 34, 19, 7, 3, 0, NULL, 'ch', '2024-01-15 17:13:35', NULL, 1, NULL),
(3413, 34, 20, 1, 1, 0, NULL, 'ch', '2024-01-15 17:13:35', NULL, 1, NULL),
(3414, 34, 20, 2, 0, 0, NULL, 'ch', '2024-01-15 17:13:35', NULL, 1, NULL),
(3415, 34, 20, 3, 0, 0, NULL, 'ch', '2024-01-15 17:13:35', NULL, 1, NULL),
(3416, 34, 20, 4, 0, 0, NULL, 'ch', '2024-01-15 17:13:35', NULL, 1, NULL),
(3417, 34, 20, 5, 0, 0, NULL, 'ch', '2024-01-15 17:13:35', NULL, 1, NULL),
(3418, 34, 20, 6, 0, 0, NULL, 'ch', '2024-01-15 17:13:35', NULL, 1, NULL),
(3419, 34, 20, 7, 0, 0, NULL, 'ch', '2024-01-15 17:13:35', NULL, 1, NULL),
(3420, 34, 21, 1, 2, 0, NULL, 'ch', '2024-01-15 17:13:35', NULL, 1, NULL),
(3421, 34, 21, 2, 0, 0, NULL, 'ch', '2024-01-15 17:13:35', NULL, 1, NULL),
(3422, 34, 21, 3, 1, 0, NULL, 'ch', '2024-01-15 17:13:35', NULL, 1, NULL),
(3423, 34, 21, 4, 1, 0, NULL, 'ch', '2024-01-15 17:13:35', NULL, 1, NULL),
(3424, 34, 21, 5, 0, 0, NULL, 'ch', '2024-01-15 17:13:35', NULL, 1, NULL),
(3425, 34, 21, 6, 0, 0, NULL, 'ch', '2024-01-15 17:13:35', NULL, 1, NULL),
(3426, 34, 21, 7, 1, 0, NULL, 'ch', '2024-01-15 17:13:35', NULL, 1, NULL),
(3427, 34, 22, 1, 3, 0, NULL, 'ch', '2024-01-15 17:13:35', NULL, 1, NULL),
(3428, 34, 22, 2, 0, 0, NULL, 'ch', '2024-01-15 17:13:35', NULL, 1, NULL),
(3429, 34, 22, 3, 0, 0, NULL, 'ch', '2024-01-15 17:13:35', NULL, 1, NULL),
(3430, 34, 22, 4, 3, 0, NULL, 'ch', '2024-01-15 17:13:35', NULL, 1, NULL),
(3431, 34, 22, 5, 3, 0, NULL, 'ch', '2024-01-15 17:13:35', NULL, 1, NULL),
(3432, 34, 22, 6, 1, 0, NULL, 'ch', '2024-01-15 17:13:35', NULL, 1, NULL),
(3433, 34, 22, 7, 3, 0, NULL, 'ch', '2024-01-15 17:13:35', NULL, 1, NULL),
(3434, 34, 23, 1, 0, 0, NULL, 'ch', '2024-01-15 17:13:36', NULL, 1, NULL),
(3435, 34, 23, 2, 0, 0, NULL, 'ch', '2024-01-15 17:13:36', NULL, 1, NULL),
(3436, 34, 23, 3, 0, 0, NULL, 'ch', '2024-01-15 17:13:36', NULL, 1, NULL),
(3437, 34, 23, 4, 1, 0, NULL, 'ch', '2024-01-15 17:13:36', NULL, 1, NULL),
(3438, 34, 23, 5, 0, 0, NULL, 'ch', '2024-01-15 17:13:36', NULL, 1, NULL),
(3439, 34, 23, 6, 1, 0, NULL, 'ch', '2024-01-15 17:13:36', NULL, 1, NULL),
(3440, 34, 23, 7, 1, 0, NULL, 'ch', '2024-01-15 17:13:36', NULL, 1, NULL),
(3441, 34, 24, 1, 0, 0, NULL, 'ch', '2024-01-15 17:13:36', NULL, 1, NULL),
(3442, 34, 24, 2, 0, 0, NULL, 'ch', '2024-01-15 17:13:36', NULL, 1, NULL),
(3443, 34, 24, 3, 0, 0, NULL, 'ch', '2024-01-15 17:13:36', NULL, 1, NULL),
(3444, 34, 24, 4, 0, 0, NULL, 'ch', '2024-01-15 17:13:36', NULL, 1, NULL),
(3445, 34, 24, 5, 3, 0, NULL, 'ch', '2024-01-15 17:13:36', NULL, 1, NULL),
(3446, 34, 24, 6, 0, 0, NULL, 'ch', '2024-01-15 17:13:36', NULL, 1, NULL),
(3447, 34, 24, 7, 1, 0, NULL, 'ch', '2024-01-15 17:13:36', NULL, 1, NULL),
(3448, 34, 25, 1, 1, 0, NULL, 'ch', '2024-01-15 17:13:36', NULL, 1, NULL),
(3449, 34, 25, 2, 1, 0, NULL, 'ch', '2024-01-15 17:13:36', NULL, 1, NULL),
(3450, 34, 25, 3, 2, 0, NULL, 'ch', '2024-01-15 17:13:36', NULL, 1, NULL),
(3451, 34, 25, 4, 0, 0, NULL, 'ch', '2024-01-15 17:13:36', NULL, 1, NULL),
(3452, 34, 25, 5, 1, 0, NULL, 'ch', '2024-01-15 17:13:36', NULL, 1, NULL),
(3453, 34, 25, 6, 2, 0, NULL, 'ch', '2024-01-15 17:13:36', NULL, 1, NULL),
(3454, 34, 25, 7, 1, 0, NULL, 'ch', '2024-01-15 17:13:36', NULL, 1, NULL),
(3455, 34, 26, 1, 0, 0, NULL, 'ch', '2024-01-15 17:13:36', NULL, 1, NULL),
(3456, 34, 26, 2, 1, 0, NULL, 'ch', '2024-01-15 17:13:36', NULL, 1, NULL),
(3457, 34, 26, 3, 1, 0, NULL, 'ch', '2024-01-15 17:13:36', NULL, 1, NULL),
(3458, 34, 26, 4, 0, 0, NULL, 'ch', '2024-01-15 17:13:36', NULL, 1, NULL),
(3459, 34, 26, 5, 0, 0, NULL, 'ch', '2024-01-15 17:13:36', NULL, 1, NULL),
(3460, 34, 26, 6, 3, 0, NULL, 'ch', '2024-01-15 17:13:36', NULL, 1, NULL),
(3461, 34, 26, 7, 0, 0, NULL, 'ch', '2024-01-15 17:13:36', NULL, 1, NULL),
(3462, 34, 27, 1, 1, 0, NULL, 'ch', '2024-01-15 17:13:36', NULL, 1, NULL),
(3463, 34, 27, 2, 3, 0, NULL, 'ch', '2024-01-15 17:13:36', NULL, 1, NULL),
(3464, 34, 27, 3, 0, 0, NULL, 'ch', '2024-01-15 17:13:36', NULL, 1, NULL),
(3465, 34, 27, 4, 1, 0, NULL, 'ch', '2024-01-15 17:13:36', NULL, 1, NULL),
(3466, 34, 27, 5, 1, 0, NULL, 'ch', '2024-01-15 17:13:36', NULL, 1, NULL),
(3467, 34, 27, 6, 3, 0, NULL, 'ch', '2024-01-15 17:13:36', NULL, 1, NULL),
(3468, 34, 27, 7, 3, 0, NULL, 'ch', '2024-01-15 17:13:36', NULL, 1, NULL),
(3469, 34, 28, 1, 1, 0, NULL, 'ch', '2024-01-15 17:13:36', NULL, 1, NULL),
(3470, 34, 28, 2, 3, 0, NULL, 'ch', '2024-01-15 17:13:36', NULL, 1, NULL),
(3471, 34, 28, 3, 0, 0, NULL, 'ch', '2024-01-15 17:13:36', NULL, 1, NULL),
(3472, 34, 28, 4, 2, 0, NULL, 'ch', '2024-01-15 17:13:36', NULL, 1, NULL),
(3473, 34, 28, 5, 1, 0, NULL, 'ch', '2024-01-15 17:13:36', NULL, 1, NULL),
(3474, 34, 28, 6, 3, 0, NULL, 'ch', '2024-01-15 17:13:36', NULL, 1, NULL),
(3475, 34, 28, 7, 1, 0, NULL, 'ch', '2024-01-15 17:13:36', NULL, 1, NULL),
(3476, 34, 29, 1, 0, 0, NULL, 'ch', '2024-01-15 17:13:37', NULL, 1, NULL),
(3477, 34, 29, 2, 2, 0, NULL, 'ch', '2024-01-15 17:13:37', NULL, 1, NULL),
(3478, 34, 29, 3, 1, 0, NULL, 'ch', '2024-01-15 17:13:37', NULL, 1, NULL),
(3479, 34, 29, 4, 2, 0, NULL, 'ch', '2024-01-15 17:13:37', NULL, 1, NULL),
(3480, 34, 29, 5, 0, 0, NULL, 'ch', '2024-01-15 17:13:37', NULL, 1, NULL),
(3481, 34, 29, 6, 1, 0, NULL, 'ch', '2024-01-15 17:13:37', NULL, 1, NULL),
(3482, 34, 29, 7, 0, 0, NULL, 'ch', '2024-01-15 17:13:37', NULL, 1, NULL),
(3483, 34, 30, 1, 0, 0, NULL, 'ch', '2024-01-15 17:13:37', NULL, 1, NULL),
(3484, 34, 30, 2, 2, 0, NULL, 'ch', '2024-01-15 17:13:37', NULL, 1, NULL),
(3485, 34, 30, 3, 2, 0, NULL, 'ch', '2024-01-15 17:13:37', NULL, 1, NULL),
(3486, 34, 30, 4, 3, 0, NULL, 'ch', '2024-01-15 17:13:37', NULL, 1, NULL),
(3487, 34, 30, 5, 0, 0, NULL, 'ch', '2024-01-15 17:13:37', NULL, 1, NULL),
(3488, 34, 30, 6, 1, 0, NULL, 'ch', '2024-01-15 17:13:37', NULL, 1, NULL),
(3489, 34, 30, 7, 0, 0, NULL, 'ch', '2024-01-15 17:13:37', NULL, 1, NULL),
(3490, 34, 31, 1, 0, 0, NULL, 'ch', '2024-01-15 17:13:37', NULL, 1, NULL),
(3491, 34, 31, 2, 0, 0, NULL, 'ch', '2024-01-15 17:13:37', NULL, 1, NULL),
(3492, 34, 31, 3, 3, 0, NULL, 'ch', '2024-01-15 17:13:37', NULL, 1, NULL),
(3493, 34, 31, 4, 0, 0, NULL, 'ch', '2024-01-15 17:13:37', NULL, 1, NULL),
(3494, 34, 31, 5, 0, 0, NULL, 'ch', '2024-01-15 17:13:37', NULL, 1, NULL),
(3495, 34, 31, 6, 0, 0, NULL, 'ch', '2024-01-15 17:13:37', NULL, 1, NULL),
(3496, 34, 31, 7, 0, 0, NULL, 'ch', '2024-01-15 17:13:37', NULL, 1, NULL),
(3497, 34, 32, 1, 0, 0, NULL, 'ch', '2024-01-15 17:13:37', NULL, 1, NULL),
(3498, 34, 32, 2, 2, 0, NULL, 'ch', '2024-01-15 17:13:37', NULL, 1, NULL),
(3499, 34, 32, 3, 1, 0, NULL, 'ch', '2024-01-15 17:13:37', NULL, 1, NULL),
(3500, 34, 32, 4, 0, 0, NULL, 'ch', '2024-01-15 17:13:37', NULL, 1, NULL),
(3501, 34, 32, 5, 1, 0, NULL, 'ch', '2024-01-15 17:13:37', NULL, 1, NULL),
(3502, 34, 32, 6, 3, 0, NULL, 'ch', '2024-01-15 17:13:37', NULL, 1, NULL),
(3503, 34, 32, 7, 0, 0, NULL, 'ch', '2024-01-15 17:13:37', NULL, 1, NULL),
(3504, 34, 33, 1, 0, 0, NULL, 'ch', '2024-01-15 17:13:37', NULL, 1, NULL),
(3505, 34, 33, 2, 1, 0, NULL, 'ch', '2024-01-15 17:13:37', NULL, 1, NULL),
(3506, 34, 33, 3, 0, 0, NULL, 'ch', '2024-01-15 17:13:37', NULL, 1, NULL),
(3507, 34, 33, 4, 2, 0, NULL, 'ch', '2024-01-15 17:13:37', NULL, 1, NULL),
(3508, 34, 33, 5, 0, 0, NULL, 'ch', '2024-01-15 17:13:37', NULL, 1, NULL),
(3509, 34, 33, 6, 0, 0, NULL, 'ch', '2024-01-15 17:13:37', NULL, 1, NULL),
(3510, 34, 33, 7, 0, 0, NULL, 'ch', '2024-01-15 17:13:37', NULL, 1, NULL),
(3511, 35, 4, 1, 3, 0, NULL, 'en', '2024-01-16 11:06:26', NULL, 1, NULL),
(3512, 35, 5, 1, 3, 0, NULL, 'en', '2024-01-16 11:06:26', NULL, 1, NULL),
(3513, 35, 6, 1, 3, 0, NULL, 'en', '2024-01-16 11:06:27', NULL, 1, NULL),
(3514, 35, 7, 1, 2, 0, NULL, 'en', '2024-01-16 11:06:27', NULL, 1, NULL),
(3515, 35, 8, 1, 3, 0, NULL, 'en', '2024-01-16 11:06:27', NULL, 1, NULL),
(3516, 35, 9, 1, 3, 0, NULL, 'en', '2024-01-16 11:06:27', NULL, 1, NULL),
(3517, 35, 10, 1, 3, 0, NULL, 'en', '2024-01-16 11:06:28', NULL, 1, NULL),
(3518, 35, 11, 1, 2, 0, NULL, 'en', '2024-01-16 11:06:28', NULL, 1, NULL),
(3519, 35, 12, 1, 3, 0, NULL, 'en', '2024-01-16 11:06:28', NULL, 1, NULL),
(3520, 35, 13, 1, 2, 0, NULL, 'en', '2024-01-16 11:06:28', NULL, 1, NULL),
(3521, 35, 14, 1, 2, 0, NULL, 'en', '2024-01-16 11:06:29', NULL, 1, NULL),
(3522, 35, 15, 1, 2, 0, NULL, 'en', '2024-01-16 11:06:29', NULL, 1, NULL),
(3523, 35, 16, 1, 2, 0, NULL, 'en', '2024-01-16 11:06:29', NULL, 1, NULL),
(3524, 35, 17, 1, 2, 0, NULL, 'en', '2024-01-16 11:06:29', NULL, 1, NULL),
(3525, 35, 18, 1, 3, 0, NULL, 'en', '2024-01-16 11:06:30', NULL, 1, NULL),
(3526, 35, 19, 1, 3, 0, NULL, 'en', '2024-01-16 11:06:30', NULL, 1, NULL),
(3527, 35, 20, 1, 2, 0, NULL, 'en', '2024-01-16 11:06:30', NULL, 1, NULL),
(3528, 35, 21, 1, 2, 0, NULL, 'en', '2024-01-16 11:06:30', NULL, 1, NULL),
(3529, 35, 22, 1, 3, 0, NULL, 'en', '2024-01-16 11:06:31', NULL, 1, NULL),
(3530, 35, 23, 1, 3, 0, NULL, 'en', '2024-01-16 11:06:31', NULL, 1, NULL),
(3531, 35, 24, 1, 3, 0, NULL, 'en', '2024-01-16 11:06:31', NULL, 1, NULL),
(3532, 35, 25, 1, 2, 0, NULL, 'en', '2024-01-16 11:06:31', NULL, 1, NULL),
(3533, 35, 26, 1, 2, 0, NULL, 'en', '2024-01-16 11:06:32', NULL, 1, NULL),
(3534, 35, 27, 1, 2, 0, NULL, 'en', '2024-01-16 11:06:32', NULL, 1, NULL),
(3535, 35, 28, 1, 2, 0, NULL, 'en', '2024-01-16 11:06:32', NULL, 1, NULL),
(3536, 35, 29, 1, 3, 0, NULL, 'en', '2024-01-16 11:06:32', NULL, 1, NULL),
(3537, 35, 30, 1, 1, 0, NULL, 'en', '2024-01-16 11:06:33', NULL, 1, NULL),
(3538, 35, 31, 1, 1, 0, NULL, 'en', '2024-01-16 11:06:33', NULL, 1, NULL),
(3539, 35, 32, 1, 2, 0, NULL, 'en', '2024-01-16 11:06:33', NULL, 1, NULL),
(3540, 35, 33, 1, 2, 0, NULL, 'en', '2024-01-16 11:06:33', NULL, 1, NULL),
(3541, 36, 4, 1, 3, 0, NULL, 'en', '2024-01-16 11:10:20', NULL, 1, NULL),
(3542, 36, 5, 1, 3, 0, NULL, 'en', '2024-01-16 11:10:20', NULL, 1, NULL),
(3543, 36, 6, 1, 3, 0, NULL, 'en', '2024-01-16 11:10:21', NULL, 1, NULL),
(3544, 36, 7, 1, 2, 0, NULL, 'en', '2024-01-16 11:10:21', NULL, 1, NULL),
(3545, 36, 8, 1, 3, 0, NULL, 'en', '2024-01-16 11:10:21', NULL, 1, NULL),
(3546, 36, 9, 1, 3, 0, NULL, 'en', '2024-01-16 11:10:21', NULL, 1, NULL),
(3547, 36, 10, 1, 3, 0, NULL, 'en', '2024-01-16 11:10:22', NULL, 1, NULL),
(3548, 36, 11, 1, 2, 0, NULL, 'en', '2024-01-16 11:10:22', NULL, 1, NULL),
(3549, 36, 12, 1, 3, 0, NULL, 'en', '2024-01-16 11:10:22', NULL, 1, NULL),
(3550, 36, 13, 1, 2, 0, NULL, 'en', '2024-01-16 11:10:22', NULL, 1, NULL),
(3551, 36, 14, 1, 2, 0, NULL, 'en', '2024-01-16 11:10:23', NULL, 1, NULL),
(3552, 36, 15, 1, 2, 0, NULL, 'en', '2024-01-16 11:10:23', NULL, 1, NULL),
(3553, 36, 16, 1, 2, 0, NULL, 'en', '2024-01-16 11:10:23', NULL, 1, NULL),
(3554, 36, 17, 1, 2, 0, NULL, 'en', '2024-01-16 11:10:23', NULL, 1, NULL),
(3555, 36, 18, 1, 3, 0, NULL, 'en', '2024-01-16 11:10:24', NULL, 1, NULL),
(3556, 36, 19, 1, 3, 0, NULL, 'en', '2024-01-16 11:10:24', NULL, 1, NULL),
(3557, 36, 20, 1, 2, 0, NULL, 'en', '2024-01-16 11:10:24', NULL, 1, NULL),
(3558, 36, 21, 1, 2, 0, NULL, 'en', '2024-01-16 11:10:24', NULL, 1, NULL),
(3559, 36, 22, 1, 3, 0, NULL, 'en', '2024-01-16 11:10:25', NULL, 1, NULL),
(3560, 36, 23, 1, 3, 0, NULL, 'en', '2024-01-16 11:10:25', NULL, 1, NULL),
(3561, 36, 24, 1, 3, 0, NULL, 'en', '2024-01-16 11:10:25', NULL, 1, NULL),
(3562, 36, 25, 1, 2, 0, NULL, 'en', '2024-01-16 11:10:25', NULL, 1, NULL),
(3563, 36, 26, 1, 2, 0, NULL, 'en', '2024-01-16 11:10:26', NULL, 1, NULL),
(3564, 36, 27, 1, 2, 0, NULL, 'en', '2024-01-16 11:10:26', NULL, 1, NULL),
(3565, 36, 28, 1, 2, 0, NULL, 'en', '2024-01-16 11:10:26', NULL, 1, NULL),
(3566, 36, 29, 1, 3, 0, NULL, 'en', '2024-01-16 11:10:27', NULL, 1, NULL),
(3567, 36, 30, 1, 1, 0, NULL, 'en', '2024-01-16 11:10:27', NULL, 1, NULL),
(3568, 36, 31, 1, 1, 0, NULL, 'en', '2024-01-16 11:10:27', NULL, 1, NULL),
(3569, 36, 32, 1, 2, 0, NULL, 'en', '2024-01-16 11:10:27', NULL, 1, NULL),
(3570, 36, 33, 1, 2, 0, NULL, 'en', '2024-01-16 11:10:28', NULL, 1, NULL),
(3571, 37, 4, 1, 3, 0, NULL, 'en', '2024-01-24 15:08:56', NULL, 1, NULL),
(3572, 37, 5, 1, 3, 0, NULL, 'en', '2024-01-24 15:08:56', NULL, 1, NULL),
(3573, 37, 6, 1, 3, 0, NULL, 'en', '2024-01-24 15:08:56', NULL, 1, NULL),
(3574, 37, 7, 1, 2, 0, NULL, 'en', '2024-01-24 15:08:56', NULL, 1, NULL),
(3575, 37, 8, 1, 3, 0, NULL, 'en', '2024-01-24 15:08:56', NULL, 1, NULL),
(3576, 37, 9, 1, 3, 0, NULL, 'en', '2024-01-24 15:08:56', NULL, 1, NULL),
(3577, 37, 10, 1, 3, 0, NULL, 'en', '2024-01-24 15:08:56', NULL, 1, NULL),
(3578, 37, 11, 1, 2, 0, NULL, 'en', '2024-01-24 15:08:56', NULL, 1, NULL),
(3579, 37, 12, 1, 3, 0, NULL, 'en', '2024-01-24 15:08:56', NULL, 1, NULL),
(3580, 37, 13, 1, 2, 0, NULL, 'en', '2024-01-24 15:08:56', NULL, 1, NULL),
(3581, 37, 14, 1, 2, 0, NULL, 'en', '2024-01-24 15:08:56', NULL, 1, NULL),
(3582, 37, 15, 1, 2, 0, NULL, 'en', '2024-01-24 15:08:56', NULL, 1, NULL),
(3583, 37, 16, 1, 2, 0, NULL, 'en', '2024-01-24 15:08:56', NULL, 1, NULL),
(3584, 37, 17, 1, 2, 0, NULL, 'en', '2024-01-24 15:08:56', NULL, 1, NULL),
(3585, 37, 18, 1, 3, 0, NULL, 'en', '2024-01-24 15:08:57', NULL, 1, NULL),
(3586, 37, 19, 1, 3, 0, NULL, 'en', '2024-01-24 15:08:57', NULL, 1, NULL),
(3587, 37, 20, 1, 2, 0, NULL, 'en', '2024-01-24 15:08:57', NULL, 1, NULL),
(3588, 37, 21, 1, 2, 0, NULL, 'en', '2024-01-24 15:08:57', NULL, 1, NULL),
(3589, 37, 22, 1, 3, 0, NULL, 'en', '2024-01-24 15:08:57', NULL, 1, NULL),
(3590, 37, 23, 1, 3, 0, NULL, 'en', '2024-01-24 15:08:57', NULL, 1, NULL),
(3591, 37, 24, 1, 3, 0, NULL, 'en', '2024-01-24 15:08:57', NULL, 1, NULL),
(3592, 37, 25, 1, 2, 0, NULL, 'en', '2024-01-24 15:08:57', NULL, 1, NULL),
(3593, 37, 26, 1, 2, 0, NULL, 'en', '2024-01-24 15:08:57', NULL, 1, NULL),
(3594, 37, 27, 1, 2, 0, NULL, 'en', '2024-01-24 15:08:57', NULL, 1, NULL),
(3595, 37, 28, 1, 2, 0, NULL, 'en', '2024-01-24 15:08:57', NULL, 1, NULL),
(3596, 37, 29, 1, 3, 0, NULL, 'en', '2024-01-24 15:08:57', NULL, 1, NULL),
(3597, 37, 30, 1, 1, 0, NULL, 'en', '2024-01-24 15:08:57', NULL, 1, NULL),
(3598, 37, 31, 1, 1, 0, NULL, 'en', '2024-01-24 15:08:57', NULL, 1, NULL),
(3599, 37, 32, 1, 2, 0, NULL, 'en', '2024-01-24 15:08:57', NULL, 1, NULL),
(3600, 37, 33, 1, 2, 0, NULL, 'en', '2024-01-24 15:08:57', NULL, 1, NULL);

-- --------------------------------------------------------

--
-- Tabellenstruktur für Tabelle `ORGANISATIONS`
--

CREATE TABLE `ORGANISATIONS` (
  `ORGANISATION_ID` int(10) UNSIGNED NOT NULL,
  `ORGANISATION_NAME` varchar(255) NOT NULL,
  `ORGANISATION_VAT_ID` varchar(50) DEFAULT NULL,
  `ORGANISATION_LEGAL_FORM` varchar(255) DEFAULT NULL,
  `ORGANISATION_LEGAL_REGISTRATION_NUMBER` varchar(255) DEFAULT NULL,
  `ORGANISATION_LEGAL_REGISTRY` varchar(255) DEFAULT NULL,
  `ORGANISATION_STREET` varchar(255) DEFAULT NULL,
  `ORGANISATION_ZIP` varchar(50) DEFAULT NULL,
  `ORGANISATION_STATE` varchar(255) DEFAULT NULL,
  `ORGANISATION_CITY` varchar(255) DEFAULT NULL,
  `ORGANISATION_COUNTRY_ISO` varchar(2) NOT NULL,
  `ORGANISATION_CREATED` datetime NOT NULL DEFAULT current_timestamp(),
  `ORGANISATION_UPDATED` datetime DEFAULT NULL ON UPDATE current_timestamp(),
  `ORGANISATION_CREATED_BY` int(11) NOT NULL,
  `ORGANISATION_UPDATED_BY` int(11) DEFAULT NULL
) ENGINE=InnoDB DEFAULT CHARSET=utf8mb3 COLLATE=utf8mb3_general_ci COMMENT='base table holding organisation data';

--
-- Daten für Tabelle `ORGANISATIONS`
--

INSERT INTO `ORGANISATIONS` (`ORGANISATION_ID`, `ORGANISATION_NAME`, `ORGANISATION_VAT_ID`, `ORGANISATION_LEGAL_FORM`, `ORGANISATION_LEGAL_REGISTRATION_NUMBER`, `ORGANISATION_LEGAL_REGISTRY`, `ORGANISATION_STREET`, `ORGANISATION_ZIP`, `ORGANISATION_STATE`, `ORGANISATION_CITY`, `ORGANISATION_COUNTRY_ISO`, `ORGANISATION_CREATED`, `ORGANISATION_UPDATED`, `ORGANISATION_CREATED_BY`, `ORGANISATION_UPDATED_BY`) VALUES
(3, 'SEGER AG', NULL, NULL, NULL, NULL, NULL, NULL, NULL, NULL, 'li', '2024-01-10 17:59:38', NULL, 1, NULL),
(4, 'Otto Hofstetter AG', NULL, NULL, NULL, NULL, NULL, NULL, NULL, NULL, 'ch', '2024-01-15 17:06:32', NULL, 1, NULL);

-- --------------------------------------------------------

--
-- Tabellenstruktur für Tabelle `ORGANISATION_PERSONS`
--

CREATE TABLE `ORGANISATION_PERSONS` (
  `ORGANISATION_PERSON_ID` int(10) UNSIGNED NOT NULL,
  `PERSON_ID` int(10) UNSIGNED NOT NULL,
  `ORGANISATION_PERSON_ROLE` varchar(255) DEFAULT NULL,
  `ORGANISATION_PERSON_FUNCTION` varchar(255) DEFAULT NULL,
  `STAKEHOLDER_ID` int(10) UNSIGNED NOT NULL,
  `ORGANISATION_ID` int(10) UNSIGNED NOT NULL,
  `ORGANISATION_PERSON_CREATED` datetime NOT NULL DEFAULT current_timestamp(),
  `ORGANISATION_PERSON_UPDATED` datetime DEFAULT NULL ON UPDATE current_timestamp(),
  `ORGANISATION_PERSON_CREATED_BY` int(11) NOT NULL,
  `ORGANISATION_PERSON_UPDATED_BY` int(11) DEFAULT NULL
) ENGINE=InnoDB DEFAULT CHARSET=utf8mb3 COLLATE=utf8mb3_general_ci COMMENT='relation table connecting organisations and persons with specific roles';

--
-- Daten für Tabelle `ORGANISATION_PERSONS`
--

INSERT INTO `ORGANISATION_PERSONS` (`ORGANISATION_PERSON_ID`, `PERSON_ID`, `ORGANISATION_PERSON_ROLE`, `ORGANISATION_PERSON_FUNCTION`, `STAKEHOLDER_ID`, `ORGANISATION_ID`, `ORGANISATION_PERSON_CREATED`, `ORGANISATION_PERSON_UPDATED`, `ORGANISATION_PERSON_CREATED_BY`, `ORGANISATION_PERSON_UPDATED_BY`) VALUES
(3, 3, NULL, NULL, 8, 3, '2024-01-10 17:59:38', NULL, 1, NULL),
(4, 4, NULL, NULL, 8, 3, '2024-01-11 20:39:12', NULL, 1, NULL),
(5, 5, NULL, NULL, 8, 3, '2024-01-11 21:28:54', NULL, 1, NULL),
(6, 6, NULL, NULL, 8, 3, '2024-01-11 21:29:00', NULL, 1, NULL),
(7, 7, NULL, NULL, 8, 4, '2024-01-15 17:06:32', NULL, 1, NULL),
(8, 8, NULL, NULL, 8, 4, '2024-01-15 17:06:38', NULL, 1, NULL),
(9, 9, NULL, NULL, 8, 4, '2024-01-15 17:06:44', NULL, 1, NULL),
(10, 10, NULL, NULL, 8, 4, '2024-01-15 17:06:50', NULL, 1, NULL),
(11, 11, NULL, NULL, 8, 4, '2024-01-15 17:13:31', NULL, 1, NULL),
(12, 12, NULL, NULL, 1, 4, '2024-01-16 11:06:26', NULL, 1, NULL);

-- --------------------------------------------------------

--
-- Tabellenstruktur für Tabelle `ORGANISATION_SECTORS`
--

CREATE TABLE `ORGANISATION_SECTORS` (
  `ORGANISATION_SECTOR_ID` int(10) UNSIGNED NOT NULL,
  `SECTOR_ID` int(10) UNSIGNED NOT NULL,
  `ORGANISATION_ID` int(10) UNSIGNED NOT NULL,
  `ORGANISATION_SECTOR_CREATED` datetime NOT NULL DEFAULT current_timestamp(),
  `ORGANISATION_SECTOR_UPDATED` datetime DEFAULT NULL ON UPDATE current_timestamp(),
  `ORGANISATION_SECTOR_CREATED_BY` int(11) NOT NULL,
  `ORGANISATION_SECTOR_UPDATED_BY` int(11) DEFAULT NULL
) ENGINE=InnoDB DEFAULT CHARSET=utf8mb3 COLLATE=utf8mb3_general_ci COMMENT='relation table connecting organisations to sectors';

-- --------------------------------------------------------

--
-- Tabellenstruktur für Tabelle `PERSONS`
--

CREATE TABLE `PERSONS` (
  `PERSON_ID` int(10) UNSIGNED NOT NULL,
  `STAKEHOLDER_ID` int(10) UNSIGNED NOT NULL,
  `PERSON_SALUTATION` varchar(10) DEFAULT NULL,
  `PERSON_FIRSTNAME` varchar(255) DEFAULT NULL,
  `PERSON_LASTNAME` varchar(255) NOT NULL,
  `PERSON_GENDER` varchar(255) NOT NULL,
  `PERSON_PHONE` varchar(255) DEFAULT NULL,
  `PERSON_MOBILE` varchar(255) DEFAULT NULL,
  `PERSON_MAIL` varchar(255) DEFAULT NULL,
  `PERSON_BIRTHDAY` int(11) DEFAULT NULL,
  `PERSON_STREET` varchar(255) DEFAULT NULL,
  `PERSON_ZIP` varchar(50) DEFAULT NULL,
  `PERSON_STATE` varchar(255) DEFAULT NULL,
  `PERSON_CITY` varchar(255) DEFAULT NULL,
  `PERSON_COUNTRY_ISO` varchar(2) NOT NULL,
  `PERSON_CUSTOMER_FLAG` tinyint(1) NOT NULL,
  `PERSON_COMMENTS` text DEFAULT NULL,
  `PERSON_CREATED` datetime NOT NULL DEFAULT current_timestamp(),
  `PERSON_UPDATED` datetime DEFAULT NULL ON UPDATE current_timestamp(),
  `PERSON_CREATED_BY` int(11) NOT NULL,
  `PERSON_UPDATED_BY` int(11) DEFAULT NULL
) ENGINE=InnoDB DEFAULT CHARSET=utf8mb3 COLLATE=utf8mb3_general_ci COMMENT='table holding data about persons related to different entities / groups';

--
-- Daten für Tabelle `PERSONS`
--

INSERT INTO `PERSONS` (`PERSON_ID`, `STAKEHOLDER_ID`, `PERSON_SALUTATION`, `PERSON_FIRSTNAME`, `PERSON_LASTNAME`, `PERSON_GENDER`, `PERSON_PHONE`, `PERSON_MOBILE`, `PERSON_MAIL`, `PERSON_BIRTHDAY`, `PERSON_STREET`, `PERSON_ZIP`, `PERSON_STATE`, `PERSON_CITY`, `PERSON_COUNTRY_ISO`, `PERSON_CUSTOMER_FLAG`, `PERSON_COMMENTS`, `PERSON_CREATED`, `PERSON_UPDATED`, `PERSON_CREATED_BY`, `PERSON_UPDATED_BY`) VALUES
(3, 8, 'Herr', 'Raphael', 'Banzer', 'male', '', '', 'rb@seger.ag', 1995, '', 'nan', NULL, '', 'li', 0, NULL, '2024-01-10 17:59:38', NULL, 1, NULL),
(4, 8, 'Herr', 'Martin', 'Seger', 'male', '', '+41 79 818 51 37', 'ms@seger.ag', 1976, '', 'nan', NULL, '', 'li', 0, NULL, '2024-01-11 20:39:12', NULL, 1, NULL),
(5, 8, 'Herr', 'Safa', 'Eken', 'male', '', '', 'se@seger.at', 1995, '', 'nan', NULL, '', 'ch', 0, NULL, '2024-01-11 21:28:54', NULL, 1, NULL),
(6, 8, 'Frau', 'Ursula', 'Schlegel', 'female', '', '', 'us@seger.ag', 1964, '', 'nan', NULL, '', 'ch', 0, NULL, '2024-01-11 21:29:00', NULL, 1, NULL),
(7, 8, 'Frau', 'Livia', 'Hofstetter', 'female', '', '', '', 1985, '', 'nan', NULL, '', 'ch', 0, NULL, '2024-01-15 17:06:32', NULL, 1, NULL),
(8, 8, 'Herr', 'Sascha', 'Bigler', 'male', '', '', '', 1965, '', 'nan', NULL, '', 'ch', 0, NULL, '2024-01-15 17:06:38', NULL, 1, NULL),
(9, 8, 'Herr', 'Otto', 'Hofstetter', 'male', '', '', '', 1960, '', 'nan', NULL, '', 'ch', 0, NULL, '2024-01-15 17:06:44', NULL, 1, NULL),
(10, 8, 'Herr', 'Stefan', 'Zatti', 'male', '', '', '', 1961, '', 'nan', NULL, '', 'ch', 0, NULL, '2024-01-15 17:06:50', NULL, 1, NULL),
(11, 8, 'Herr', 'Hannes', 'Müller', 'male', '', '', '', 1965, '', 'nan', NULL, '', 'ch', 0, NULL, '2024-01-15 17:13:31', NULL, 1, NULL),
(12, 1, 'Frau', 'MA_OHAG_1', '', 'female', '', '', '', 1975, '', 'nan', NULL, '', 'en', 0, NULL, '2024-01-16 11:06:26', NULL, 1, NULL);

-- --------------------------------------------------------

--
-- Tabellenstruktur für Tabelle `SECTORS`
--

CREATE TABLE `SECTORS` (
  `SECTOR_ID` int(10) UNSIGNED NOT NULL,
  `SECTOR_PARENT_ID` int(10) UNSIGNED DEFAULT NULL,
  `SECTOR_NACE` varchar(255) DEFAULT NULL,
  `SECTOR_CREATED` datetime NOT NULL DEFAULT current_timestamp(),
  `SECTOR_UPDATED` datetime DEFAULT NULL ON UPDATE current_timestamp(),
  `SECTOR_CREATED_BY` int(11) NOT NULL,
  `SECTOR_UPDATED_BY` int(11) DEFAULT NULL
) ENGINE=InnoDB DEFAULT CHARSET=utf8mb3 COLLATE=utf8mb3_general_ci COMMENT='base table for industry sectors';

-- --------------------------------------------------------

--
-- Tabellenstruktur für Tabelle `SECTOR_NAMES`
--

CREATE TABLE `SECTOR_NAMES` (
  `SECTOR_NAME_ID` int(10) UNSIGNED NOT NULL,
  `SECTOR_ID` int(10) UNSIGNED NOT NULL,
  `SECTOR_NAME` varchar(255) NOT NULL,
  `SECTOR_NAME_COUNTRY_ISO` varchar(2) NOT NULL,
  `SECTOR_NAME_CREATED` datetime NOT NULL DEFAULT current_timestamp(),
  `SECTOR_NAME_UPDATED` datetime DEFAULT NULL ON UPDATE current_timestamp(),
  `SECTOR_NAME_CREATED_BY` int(11) NOT NULL,
  `SECTOR_NAME_UPDATED_BY` int(11) DEFAULT NULL
) ENGINE=InnoDB DEFAULT CHARSET=utf8mb3 COLLATE=utf8mb3_general_ci COMMENT='base table for industry sectors names';

-- --------------------------------------------------------

--
-- Tabellenstruktur für Tabelle `STAKEHOLDER`
--

CREATE TABLE `STAKEHOLDER` (
  `STAKEHOLDER_ID` int(10) UNSIGNED NOT NULL,
  `STAKEHOLDER_PARENT_ID` int(10) UNSIGNED DEFAULT NULL,
  `STAKEHOLDER_NACE` varchar(255) DEFAULT NULL,
  `STAKEHOLDER_CREATED` datetime NOT NULL DEFAULT current_timestamp(),
  `STAKEHOLDER_UPDATED` datetime DEFAULT NULL ON UPDATE current_timestamp(),
  `STAKEHOLDER_CREATED_BY` int(11) NOT NULL,
  `STAKEHOLDER_UPDATED_BY` int(11) DEFAULT NULL
) ENGINE=InnoDB DEFAULT CHARSET=utf8mb3 COLLATE=utf8mb3_general_ci COMMENT='base table for listing all relevant stakeholder';

--
-- Daten für Tabelle `STAKEHOLDER`
--

INSERT INTO `STAKEHOLDER` (`STAKEHOLDER_ID`, `STAKEHOLDER_PARENT_ID`, `STAKEHOLDER_NACE`, `STAKEHOLDER_CREATED`, `STAKEHOLDER_UPDATED`, `STAKEHOLDER_CREATED_BY`, `STAKEHOLDER_UPDATED_BY`) VALUES
(1, NULL, NULL, '2023-12-04 20:00:02', NULL, 1, NULL),
(2, NULL, NULL, '2023-12-04 20:00:02', NULL, 1, NULL),
(3, NULL, NULL, '2023-12-04 20:00:13', NULL, 1, NULL),
(4, NULL, NULL, '2023-12-04 20:00:13', NULL, 1, NULL),
(5, NULL, NULL, '2023-12-04 20:00:21', NULL, 1, NULL),
(6, NULL, NULL, '2023-12-04 20:00:21', NULL, 1, NULL),
(7, NULL, NULL, '2023-12-04 20:00:29', NULL, 1, NULL),
(8, NULL, NULL, '2023-12-04 20:00:29', NULL, 1, NULL);

-- --------------------------------------------------------

--
-- Tabellenstruktur für Tabelle `STAKEHOLDER_NAMES`
--

CREATE TABLE `STAKEHOLDER_NAMES` (
  `STAKEHOLDER_NAME_ID` int(10) UNSIGNED NOT NULL,
  `STAKEHOLDER_ID` int(10) UNSIGNED NOT NULL,
  `STAKEHOLDER_NAME` varchar(255) NOT NULL,
  `STAKEHOLDER_NAME_COUNTRY_ISO` varchar(2) NOT NULL,
  `STAKEHOLDER_NAME_CREATED` datetime NOT NULL DEFAULT current_timestamp(),
  `STAKEHOLDER_NAME_UPDATED` datetime DEFAULT NULL ON UPDATE current_timestamp(),
  `STAKEHOLDER_NAME_CREATED_BY` int(11) NOT NULL,
  `STAKEHOLDER_NAME_UPDATED_BY` int(11) DEFAULT NULL
) ENGINE=InnoDB DEFAULT CHARSET=utf8mb3 COLLATE=utf8mb3_general_ci COMMENT='base table for industry sectors names';

--
-- Daten für Tabelle `STAKEHOLDER_NAMES`
--

INSERT INTO `STAKEHOLDER_NAMES` (`STAKEHOLDER_NAME_ID`, `STAKEHOLDER_ID`, `STAKEHOLDER_NAME`, `STAKEHOLDER_NAME_COUNTRY_ISO`, `STAKEHOLDER_NAME_CREATED`, `STAKEHOLDER_NAME_UPDATED`, `STAKEHOLDER_NAME_CREATED_BY`, `STAKEHOLDER_NAME_UPDATED_BY`) VALUES
(1, 1, 'Employees', 'EN', '2023-12-04 20:01:00', NULL, 1, NULL),
(2, 2, 'Clients', 'EN', '2023-12-04 20:01:31', NULL, 1, NULL),
(3, 3, 'Suppliers', 'EN', '2023-12-04 20:01:31', NULL, 1, NULL),
(4, 4, 'Industry Rep.', 'EN', '2023-12-04 20:03:03', NULL, 1, NULL),
(5, 5, 'Society', 'EN', '2023-12-04 20:03:03', NULL, 1, NULL),
(6, 6, 'Banks / Investors', 'EN', '2023-12-04 20:03:30', NULL, 1, NULL),
(7, 7, 'Regulation', 'EN', '2023-12-04 20:03:30', NULL, 1, NULL),
(8, 8, 'Customer Terramo', 'EN', '2023-12-04 20:03:30', NULL, 1, NULL),
(9, 1, 'Mitarbeiter', 'DE', '2024-01-23 08:39:26', NULL, 1, NULL),
(10, 2, 'Kunde', 'DE', '2024-01-23 08:39:26', NULL, 1, NULL),
(11, 3, 'Lieferant', 'DE', '2024-01-23 08:39:26', NULL, 1, NULL),
(12, 4, 'Branche', 'DE', '2024-01-23 08:39:26', NULL, 1, NULL),
(13, 5, 'Gesellschaft', 'DE', '2024-01-23 08:39:26', NULL, 1, NULL),
(14, 6, 'Investoren', 'DE', '2024-01-23 08:39:26', NULL, 1, NULL),
(15, 7, 'Gesetze', 'DE', '2024-01-23 08:39:26', NULL, 1, NULL),
(16, 8, 'Kunde Terramo', 'DE', '2024-01-23 08:39:26', NULL, 1, NULL);

-- --------------------------------------------------------

--
-- Stellvertreter-Struktur des Views `V_ESG_QUESTIONAIRE_DUPLICATES`
-- (Siehe unten für die tatsächliche Ansicht)
--
CREATE TABLE `V_ESG_QUESTIONAIRE_DUPLICATES` (
`PERSON_FIRSTNAME` varchar(255)
,`PERSON_LASTNAME` varchar(255)
,`PERSON_GENDER` varchar(255)
,`PERSON_MAIL` varchar(255)
,`QUESTIONAIRE_DATE` date
,`PERSON_ID` int(10) unsigned
,`QUESTIONAIRE_TYPE` varchar(255)
,`ESG_QUESTIONAIRE_ID` int(10) unsigned
,`QUESTIONAIRE_COMMENT` text
,`ESG_QUESTIONAIRE_ANSWER_CREATED` datetime
);

-- --------------------------------------------------------

--
-- Stellvertreter-Struktur des Views `V_ESG_QUESTIONAIRE_SUMMARY_DE`
-- (Siehe unten für die tatsächliche Ansicht)
--
CREATE TABLE `V_ESG_QUESTIONAIRE_SUMMARY_DE` (
`PERSON_SALUTATION` varchar(10)
,`PERSON_FIRSTNAME` varchar(255)
,`PERSON_LASTNAME` varchar(255)
,`OWN_PERSPECTIVE` varchar(255)
,`PERSON_GENDER` varchar(255)
,`PERSON_BIRTHDAY` int(11)
,`ORGANISATION_NAME` varchar(255)
,`QUESTIONAIRE_TYPE` varchar(255)
,`QUESTIONAIRE_DATE` date
,`QUESTIONAIRE_COMMENT` text
,`ESG_MEASURE_KEY` varchar(20)
,`ESG_MEASURE_DESCRIPTION` varchar(255)
,`STAKEHOLDER_PERSPECTIVE` varchar(255)
,`ESG_QUESTIONAIRE_ANSWER_PRIORITY` int(11)
,`ESG_QUESTIONAIRE_ANSWER_STATUS` int(11)
,`ESG_QUESTIONAIRE_ANSWER_COMMENTS` text
);

-- --------------------------------------------------------

--
-- Stellvertreter-Struktur des Views `V_ESG_QUESTIONAIRE_SUMMARY_EN`
-- (Siehe unten für die tatsächliche Ansicht)
--
CREATE TABLE `V_ESG_QUESTIONAIRE_SUMMARY_EN` (
`PERSON_SALUTATION` varchar(10)
,`PERSON_FIRSTNAME` varchar(255)
,`PERSON_LASTNAME` varchar(255)
,`OWN_PERSPECTIVE` varchar(255)
,`PERSON_GENDER` varchar(255)
,`PERSON_BIRTHDAY` int(11)
,`ORGANISATION_NAME` varchar(255)
,`QUESTIONAIRE_TYPE` varchar(255)
,`QUESTIONAIRE_DATE` date
,`QUESTIONAIRE_COMMENT` text
,`ESG_MEASURE_KEY` varchar(20)
,`ESG_MEASURE_DESCRIPTION` varchar(255)
,`STAKEHOLDER_PERSPECTIVE` varchar(255)
,`ESG_QUESTIONAIRE_ANSWER_PRIORITY` int(11)
,`ESG_QUESTIONAIRE_ANSWER_STATUS` int(11)
,`ESG_QUESTIONAIRE_ANSWER_COMMENTS` text
);

-- --------------------------------------------------------

--
-- Struktur des Views `V_ESG_QUESTIONAIRE_DUPLICATES`
--
DROP TABLE IF EXISTS `V_ESG_QUESTIONAIRE_DUPLICATES`;

CREATE ALGORITHM=UNDEFINED DEFINER=`ter_data_001`@`%` SQL SECURITY DEFINER VIEW `V_ESG_QUESTIONAIRE_DUPLICATES`  AS SELECT `PER`.`PERSON_FIRSTNAME` AS `PERSON_FIRSTNAME`, `PER`.`PERSON_LASTNAME` AS `PERSON_LASTNAME`, `PER`.`PERSON_GENDER` AS `PERSON_GENDER`, `PER`.`PERSON_MAIL` AS `PERSON_MAIL`, `DUPLICATES`.`QUESTIONAIRE_DATE` AS `QUESTIONAIRE_DATE`, `DUPLICATES`.`PERSON_ID` AS `PERSON_ID`, `DUPLICATES`.`QUESTIONAIRE_TYPE` AS `QUESTIONAIRE_TYPE`, `E`.`ESG_QUESTIONAIRE_ID` AS `ESG_QUESTIONAIRE_ID`, `E`.`QUESTIONAIRE_COMMENT` AS `QUESTIONAIRE_COMMENT`, `E`.`ESG_QUESTIONAIRE_ANSWER_CREATED` AS `ESG_QUESTIONAIRE_ANSWER_CREATED` FROM (((select `T`.`QUESTIONAIRE_DATE` AS `QUESTIONAIRE_DATE`,`T`.`PERSON_ID` AS `PERSON_ID`,`T`.`QUESTIONAIRE_TYPE` AS `QUESTIONAIRE_TYPE` from (select `ESGQ`.`ESG_QUESTIONAIRE_ID` AS `ESG_QUESTIONAIRE_ID`,`ESGQ`.`QUESTIONAIRE_TYPE` AS `QUESTIONAIRE_TYPE`,`ESGQ`.`QUESTIONAIRE_DATE` AS `QUESTIONAIRE_DATE`,`ESGQ`.`QUESTIONAIRE_COMMENT` AS `QUESTIONAIRE_COMMENT`,`ESGQ`.`ESG_QUESTIONAIRE_ANSWER_CREATED` AS `ESG_QUESTIONAIRE_ANSWER_CREATED`,`P`.`PERSON_ID` AS `PERSON_ID`,`P`.`PERSON_FIRSTNAME` AS `PERSON_FIRSTNAME`,`P`.`PERSON_LASTNAME` AS `PERSON_LASTNAME`,`STK`.`STAKEHOLDER_ID` AS `STAKEHOLDER_ID`,`STK`.`STAKEHOLDER_NAME` AS `STAKEHOLDER_NAME`,`P`.`PERSON_GENDER` AS `PERSON_GENDER`,`P`.`PERSON_MAIL` AS `PERSON_MAIL` from ((`ESG_QUESTIONAIRES` `ESGQ` join `PERSONS` `P` on(`P`.`PERSON_ID` = `ESGQ`.`PERSON_ID`)) join `STAKEHOLDER_NAMES` `STK` on(`STK`.`STAKEHOLDER_ID` = `P`.`STAKEHOLDER_ID` and `STK`.`STAKEHOLDER_NAME_COUNTRY_ISO` = 'EN'))) `T` group by `T`.`QUESTIONAIRE_DATE`,`T`.`PERSON_ID`,`T`.`QUESTIONAIRE_TYPE`,`T`.`STAKEHOLDER_ID` having count(`T`.`ESG_QUESTIONAIRE_ID`) > 1) `DUPLICATES` join `PERSONS` `PER` on(`DUPLICATES`.`PERSON_ID` = `PER`.`PERSON_ID`)) join `ESG_QUESTIONAIRES` `E` on(`PER`.`PERSON_ID` = `E`.`PERSON_ID`)) ;

-- --------------------------------------------------------

--
-- Struktur des Views `V_ESG_QUESTIONAIRE_SUMMARY_DE`
--
DROP TABLE IF EXISTS `V_ESG_QUESTIONAIRE_SUMMARY_DE`;

CREATE ALGORITHM=UNDEFINED DEFINER=`ter_data_001`@`%` SQL SECURITY DEFINER VIEW `V_ESG_QUESTIONAIRE_SUMMARY_DE`  AS SELECT `P`.`PERSON_SALUTATION` AS `PERSON_SALUTATION`, `P`.`PERSON_FIRSTNAME` AS `PERSON_FIRSTNAME`, `P`.`PERSON_LASTNAME` AS `PERSON_LASTNAME`, `OWN_STN`.`STAKEHOLDER_NAME` AS `OWN_PERSPECTIVE`, `P`.`PERSON_GENDER` AS `PERSON_GENDER`, `P`.`PERSON_BIRTHDAY` AS `PERSON_BIRTHDAY`, `O`.`ORGANISATION_NAME` AS `ORGANISATION_NAME`, `ESGQ`.`QUESTIONAIRE_TYPE` AS `QUESTIONAIRE_TYPE`, `ESGQ`.`QUESTIONAIRE_DATE` AS `QUESTIONAIRE_DATE`, `ESGQ`.`QUESTIONAIRE_COMMENT` AS `QUESTIONAIRE_COMMENT`, `ESG`.`ESG_MEASURE_KEY` AS `ESG_MEASURE_KEY`, `ESGM`.`ESG_MEASURE_DESCRIPTION` AS `ESG_MEASURE_DESCRIPTION`, `STN`.`STAKEHOLDER_NAME` AS `STAKEHOLDER_PERSPECTIVE`, `ESGA`.`ESG_QUESTIONAIRE_ANSWER_PRIORITY` AS `ESG_QUESTIONAIRE_ANSWER_PRIORITY`, `ESGA`.`ESG_QUESTIONAIRE_ANSWER_STATUS` AS `ESG_QUESTIONAIRE_ANSWER_STATUS`, `ESGA`.`ESG_QUESTIONAIRE_ANSWER_COMMENTS` AS `ESG_QUESTIONAIRE_ANSWER_COMMENTS` FROM ((((((((`ESG_QUESTIONAIRES` `ESGQ` join `ESG_QUESTIONAIRE_ANSWERS` `ESGA` on(`ESGQ`.`ESG_QUESTIONAIRE_ID` = `ESGA`.`ESG_QUESTIONAIRE_ID`)) join `STAKEHOLDER_NAMES` `STN` on(`STN`.`STAKEHOLDER_ID` = `ESGA`.`STAKEHOLDER_ID` and `STN`.`STAKEHOLDER_NAME_COUNTRY_ISO` = 'DE')) join `ESG_MEASURES` `ESG` on(`ESGA`.`ESG_MEASURE_ID` = `ESG`.`ESG_MEASURE_ID`)) join `ESG_MEASURE_DESCRIPTIONS` `ESGM` on(`ESGM`.`ESG_MEASURE_ID` = `ESG`.`ESG_MEASURE_ID` and `ESGM`.`ESG_MEASURE_DESCRIPTION_COUNTRY_ISO` = 'DE')) join `PERSONS` `P` on(`P`.`PERSON_ID` = `ESGQ`.`PERSON_ID`)) join `ORGANISATION_PERSONS` `OP` on(`OP`.`PERSON_ID` = `P`.`PERSON_ID`)) left join `ORGANISATIONS` `O` on(`O`.`ORGANISATION_ID` = `OP`.`ORGANISATION_ID`)) left join `STAKEHOLDER_NAMES` `OWN_STN` on(`OWN_STN`.`STAKEHOLDER_ID` = `OP`.`STAKEHOLDER_ID` and `OWN_STN`.`STAKEHOLDER_NAME_COUNTRY_ISO` = 'DE')) ;

-- --------------------------------------------------------

--
-- Struktur des Views `V_ESG_QUESTIONAIRE_SUMMARY_EN`
--
DROP TABLE IF EXISTS `V_ESG_QUESTIONAIRE_SUMMARY_EN`;

CREATE ALGORITHM=UNDEFINED DEFINER=`ter_data_001`@`%` SQL SECURITY DEFINER VIEW `V_ESG_QUESTIONAIRE_SUMMARY_EN`  AS SELECT `P`.`PERSON_SALUTATION` AS `PERSON_SALUTATION`, `P`.`PERSON_FIRSTNAME` AS `PERSON_FIRSTNAME`, `P`.`PERSON_LASTNAME` AS `PERSON_LASTNAME`, `OWN_STN`.`STAKEHOLDER_NAME` AS `OWN_PERSPECTIVE`, `P`.`PERSON_GENDER` AS `PERSON_GENDER`, `P`.`PERSON_BIRTHDAY` AS `PERSON_BIRTHDAY`, `O`.`ORGANISATION_NAME` AS `ORGANISATION_NAME`, `ESGQ`.`QUESTIONAIRE_TYPE` AS `QUESTIONAIRE_TYPE`, `ESGQ`.`QUESTIONAIRE_DATE` AS `QUESTIONAIRE_DATE`, `ESGQ`.`QUESTIONAIRE_COMMENT` AS `QUESTIONAIRE_COMMENT`, `ESG`.`ESG_MEASURE_KEY` AS `ESG_MEASURE_KEY`, `ESGM`.`ESG_MEASURE_DESCRIPTION` AS `ESG_MEASURE_DESCRIPTION`, `STN`.`STAKEHOLDER_NAME` AS `STAKEHOLDER_PERSPECTIVE`, `ESGA`.`ESG_QUESTIONAIRE_ANSWER_PRIORITY` AS `ESG_QUESTIONAIRE_ANSWER_PRIORITY`, `ESGA`.`ESG_QUESTIONAIRE_ANSWER_STATUS` AS `ESG_QUESTIONAIRE_ANSWER_STATUS`, `ESGA`.`ESG_QUESTIONAIRE_ANSWER_COMMENTS` AS `ESG_QUESTIONAIRE_ANSWER_COMMENTS` FROM ((((((((`ESG_QUESTIONAIRES` `ESGQ` join `ESG_QUESTIONAIRE_ANSWERS` `ESGA` on(`ESGQ`.`ESG_QUESTIONAIRE_ID` = `ESGA`.`ESG_QUESTIONAIRE_ID`)) join `STAKEHOLDER_NAMES` `STN` on(`STN`.`STAKEHOLDER_ID` = `ESGA`.`STAKEHOLDER_ID` and `STN`.`STAKEHOLDER_NAME_COUNTRY_ISO` = 'EN')) join `ESG_MEASURES` `ESG` on(`ESGA`.`ESG_MEASURE_ID` = `ESG`.`ESG_MEASURE_ID`)) join `ESG_MEASURE_DESCRIPTIONS` `ESGM` on(`ESGM`.`ESG_MEASURE_ID` = `ESG`.`ESG_MEASURE_ID` and `ESGM`.`ESG_MEASURE_DESCRIPTION_COUNTRY_ISO` = 'EN')) join `PERSONS` `P` on(`P`.`PERSON_ID` = `ESGQ`.`PERSON_ID`)) join `ORGANISATION_PERSONS` `OP` on(`OP`.`PERSON_ID` = `P`.`PERSON_ID`)) left join `ORGANISATIONS` `O` on(`O`.`ORGANISATION_ID` = `OP`.`ORGANISATION_ID`)) left join `STAKEHOLDER_NAMES` `OWN_STN` on(`OWN_STN`.`STAKEHOLDER_ID` = `OP`.`STAKEHOLDER_ID` and `OWN_STN`.`STAKEHOLDER_NAME_COUNTRY_ISO` = 'EN')) ;

--
-- Indizes der exportierten Tabellen
--

--
-- Indizes für die Tabelle `COUNTRIES`
--
ALTER TABLE `COUNTRIES`
  ADD PRIMARY KEY (`COUNTRY_ID`);

--
-- Indizes für die Tabelle `ESG_MEASURES`
--
ALTER TABLE `ESG_MEASURES`
  ADD PRIMARY KEY (`ESG_MEASURE_ID`);

--
-- Indizes für die Tabelle `ESG_MEASURE_DESCRIPTIONS`
--
ALTER TABLE `ESG_MEASURE_DESCRIPTIONS`
  ADD PRIMARY KEY (`ESG_MEASURE_DESCRIPTION_ID`),
  ADD KEY `ESG_MEASURE_ID` (`ESG_MEASURE_ID`);

--
-- Indizes für die Tabelle `ESG_QUESTIONAIRES`
--
ALTER TABLE `ESG_QUESTIONAIRES`
  ADD PRIMARY KEY (`ESG_QUESTIONAIRE_ID`),
  ADD KEY `PERSON_ID` (`PERSON_ID`),
  ADD KEY `ORGANISATION_ID` (`ORGANISATION_ID`);

--
-- Indizes für die Tabelle `ESG_QUESTIONAIRE_ANSWERS`
--
ALTER TABLE `ESG_QUESTIONAIRE_ANSWERS`
  ADD PRIMARY KEY (`ESG_QUESTIONAIRE_ANSWER_ID`),
  ADD KEY `ESG_QUESTIONAIRE_ID` (`ESG_QUESTIONAIRE_ID`),
  ADD KEY `STAKEHOLDER_ID` (`STAKEHOLDER_ID`),
  ADD KEY `ESG_MEASURE_ID` (`ESG_MEASURE_ID`);

--
-- Indizes für die Tabelle `ORGANISATIONS`
--
ALTER TABLE `ORGANISATIONS`
  ADD PRIMARY KEY (`ORGANISATION_ID`);

--
-- Indizes für die Tabelle `ORGANISATION_PERSONS`
--
ALTER TABLE `ORGANISATION_PERSONS`
  ADD PRIMARY KEY (`ORGANISATION_PERSON_ID`),
  ADD KEY `PERSON_ID` (`PERSON_ID`),
  ADD KEY `STAKEHOLDER_ID` (`STAKEHOLDER_ID`),
  ADD KEY `ORGANISATION_ID` (`ORGANISATION_ID`);

--
-- Indizes für die Tabelle `ORGANISATION_SECTORS`
--
ALTER TABLE `ORGANISATION_SECTORS`
  ADD PRIMARY KEY (`ORGANISATION_SECTOR_ID`),
  ADD KEY `SECTOR_ID` (`SECTOR_ID`),
  ADD KEY `ORGANISATION_ID` (`ORGANISATION_ID`);

--
-- Indizes für die Tabelle `PERSONS`
--
ALTER TABLE `PERSONS`
  ADD PRIMARY KEY (`PERSON_ID`),
  ADD KEY `STAKEHOLDER_ID` (`STAKEHOLDER_ID`);

--
-- Indizes für die Tabelle `SECTORS`
--
ALTER TABLE `SECTORS`
  ADD PRIMARY KEY (`SECTOR_ID`);

--
-- Indizes für die Tabelle `SECTOR_NAMES`
--
ALTER TABLE `SECTOR_NAMES`
  ADD PRIMARY KEY (`SECTOR_NAME_ID`),
  ADD KEY `SECTOR_ID` (`SECTOR_ID`);

--
-- Indizes für die Tabelle `STAKEHOLDER`
--
ALTER TABLE `STAKEHOLDER`
  ADD PRIMARY KEY (`STAKEHOLDER_ID`);

--
-- Indizes für die Tabelle `STAKEHOLDER_NAMES`
--
ALTER TABLE `STAKEHOLDER_NAMES`
  ADD PRIMARY KEY (`STAKEHOLDER_NAME_ID`),
  ADD KEY `STAKEHOLDER_ID` (`STAKEHOLDER_ID`);

--
-- AUTO_INCREMENT für exportierte Tabellen
--

--
-- AUTO_INCREMENT für Tabelle `COUNTRIES`
--
ALTER TABLE `COUNTRIES`
  MODIFY `COUNTRY_ID` int(10) UNSIGNED NOT NULL AUTO_INCREMENT, AUTO_INCREMENT=17;

--
-- AUTO_INCREMENT für Tabelle `ESG_MEASURES`
--
ALTER TABLE `ESG_MEASURES`
  MODIFY `ESG_MEASURE_ID` int(10) UNSIGNED NOT NULL AUTO_INCREMENT, AUTO_INCREMENT=34;

--
-- AUTO_INCREMENT für Tabelle `ESG_MEASURE_DESCRIPTIONS`
--
ALTER TABLE `ESG_MEASURE_DESCRIPTIONS`
  MODIFY `ESG_MEASURE_DESCRIPTION_ID` int(10) UNSIGNED NOT NULL AUTO_INCREMENT, AUTO_INCREMENT=72;

--
-- AUTO_INCREMENT für Tabelle `ESG_QUESTIONAIRES`
--
ALTER TABLE `ESG_QUESTIONAIRES`
  MODIFY `ESG_QUESTIONAIRE_ID` int(10) UNSIGNED NOT NULL AUTO_INCREMENT, AUTO_INCREMENT=38;

--
-- AUTO_INCREMENT für Tabelle `ESG_QUESTIONAIRE_ANSWERS`
--
ALTER TABLE `ESG_QUESTIONAIRE_ANSWERS`
  MODIFY `ESG_QUESTIONAIRE_ANSWER_ID` int(10) UNSIGNED NOT NULL AUTO_INCREMENT, AUTO_INCREMENT=3601;

--
-- AUTO_INCREMENT für Tabelle `ORGANISATIONS`
--
ALTER TABLE `ORGANISATIONS`
  MODIFY `ORGANISATION_ID` int(10) UNSIGNED NOT NULL AUTO_INCREMENT, AUTO_INCREMENT=5;

--
-- AUTO_INCREMENT für Tabelle `ORGANISATION_PERSONS`
--
ALTER TABLE `ORGANISATION_PERSONS`
  MODIFY `ORGANISATION_PERSON_ID` int(10) UNSIGNED NOT NULL AUTO_INCREMENT, AUTO_INCREMENT=13;

--
-- AUTO_INCREMENT für Tabelle `ORGANISATION_SECTORS`
--
ALTER TABLE `ORGANISATION_SECTORS`
  MODIFY `ORGANISATION_SECTOR_ID` int(10) UNSIGNED NOT NULL AUTO_INCREMENT;

--
-- AUTO_INCREMENT für Tabelle `PERSONS`
--
ALTER TABLE `PERSONS`
  MODIFY `PERSON_ID` int(10) UNSIGNED NOT NULL AUTO_INCREMENT, AUTO_INCREMENT=13;

--
-- AUTO_INCREMENT für Tabelle `SECTORS`
--
ALTER TABLE `SECTORS`
  MODIFY `SECTOR_ID` int(10) UNSIGNED NOT NULL AUTO_INCREMENT;

--
-- AUTO_INCREMENT für Tabelle `SECTOR_NAMES`
--
ALTER TABLE `SECTOR_NAMES`
  MODIFY `SECTOR_NAME_ID` int(10) UNSIGNED NOT NULL AUTO_INCREMENT;

--
-- AUTO_INCREMENT für Tabelle `STAKEHOLDER`
--
ALTER TABLE `STAKEHOLDER`
  MODIFY `STAKEHOLDER_ID` int(10) UNSIGNED NOT NULL AUTO_INCREMENT, AUTO_INCREMENT=9;

--
-- AUTO_INCREMENT für Tabelle `STAKEHOLDER_NAMES`
--
ALTER TABLE `STAKEHOLDER_NAMES`
  MODIFY `STAKEHOLDER_NAME_ID` int(10) UNSIGNED NOT NULL AUTO_INCREMENT, AUTO_INCREMENT=17;

--
-- Constraints der exportierten Tabellen
--

--
-- Constraints der Tabelle `ESG_MEASURE_DESCRIPTIONS`
--
ALTER TABLE `ESG_MEASURE_DESCRIPTIONS`
  ADD CONSTRAINT `ESG_MEASURE_DESCRIPTIONS_ibfk_1` FOREIGN KEY (`ESG_MEASURE_ID`) REFERENCES `ESG_MEASURES` (`ESG_MEASURE_ID`) ON UPDATE CASCADE;

--
-- Constraints der Tabelle `ESG_QUESTIONAIRES`
--
ALTER TABLE `ESG_QUESTIONAIRES`
  ADD CONSTRAINT `ESG_QUESTIONAIRES_ibfk_1` FOREIGN KEY (`PERSON_ID`) REFERENCES `PERSONS` (`PERSON_ID`) ON UPDATE CASCADE,
  ADD CONSTRAINT `ESG_QUESTIONAIRES_ibfk_2` FOREIGN KEY (`ORGANISATION_ID`) REFERENCES `ORGANISATIONS` (`ORGANISATION_ID`) ON UPDATE CASCADE;

--
-- Constraints der Tabelle `ESG_QUESTIONAIRE_ANSWERS`
--
ALTER TABLE `ESG_QUESTIONAIRE_ANSWERS`
  ADD CONSTRAINT `ESG_QUESTIONAIRE_ANSWERS_ibfk_1` FOREIGN KEY (`ESG_QUESTIONAIRE_ID`) REFERENCES `ESG_QUESTIONAIRES` (`ESG_QUESTIONAIRE_ID`) ON UPDATE CASCADE,
  ADD CONSTRAINT `ESG_QUESTIONAIRE_ANSWERS_ibfk_2` FOREIGN KEY (`STAKEHOLDER_ID`) REFERENCES `STAKEHOLDER` (`STAKEHOLDER_ID`) ON UPDATE CASCADE,
  ADD CONSTRAINT `ESG_QUESTIONAIRE_ANSWERS_ibfk_3` FOREIGN KEY (`ESG_MEASURE_ID`) REFERENCES `ESG_MEASURES` (`ESG_MEASURE_ID`) ON UPDATE CASCADE;

--
-- Constraints der Tabelle `ORGANISATION_PERSONS`
--
ALTER TABLE `ORGANISATION_PERSONS`
  ADD CONSTRAINT `ORGANISATION_PERSONS_ibfk_1` FOREIGN KEY (`PERSON_ID`) REFERENCES `PERSONS` (`PERSON_ID`) ON UPDATE CASCADE,
  ADD CONSTRAINT `ORGANISATION_PERSONS_ibfk_2` FOREIGN KEY (`STAKEHOLDER_ID`) REFERENCES `STAKEHOLDER` (`STAKEHOLDER_ID`) ON UPDATE CASCADE,
  ADD CONSTRAINT `ORGANISATION_PERSONS_ibfk_3` FOREIGN KEY (`ORGANISATION_ID`) REFERENCES `ORGANISATIONS` (`ORGANISATION_ID`) ON UPDATE CASCADE;

--
-- Constraints der Tabelle `ORGANISATION_SECTORS`
--
ALTER TABLE `ORGANISATION_SECTORS`
  ADD CONSTRAINT `ORGANISATION_SECTORS_ibfk_1` FOREIGN KEY (`SECTOR_ID`) REFERENCES `SECTORS` (`SECTOR_ID`) ON UPDATE CASCADE,
  ADD CONSTRAINT `ORGANISATION_SECTORS_ibfk_2` FOREIGN KEY (`ORGANISATION_ID`) REFERENCES `ORGANISATIONS` (`ORGANISATION_ID`) ON UPDATE CASCADE;

--
-- Constraints der Tabelle `PERSONS`
--
ALTER TABLE `PERSONS`
  ADD CONSTRAINT `PERSONS_ibfk_1` FOREIGN KEY (`STAKEHOLDER_ID`) REFERENCES `STAKEHOLDER` (`STAKEHOLDER_ID`) ON UPDATE CASCADE;

--
-- Constraints der Tabelle `SECTOR_NAMES`
--
ALTER TABLE `SECTOR_NAMES`
  ADD CONSTRAINT `SECTOR_NAMES_ibfk_1` FOREIGN KEY (`SECTOR_ID`) REFERENCES `SECTORS` (`SECTOR_ID`) ON UPDATE CASCADE;

--
-- Constraints der Tabelle `STAKEHOLDER_NAMES`
--
ALTER TABLE `STAKEHOLDER_NAMES`
  ADD CONSTRAINT `STAKEHOLDER_NAMES_ibfk_1` FOREIGN KEY (`STAKEHOLDER_ID`) REFERENCES `STAKEHOLDER` (`STAKEHOLDER_ID`) ON UPDATE CASCADE;
COMMIT;

/*!40101 SET CHARACTER_SET_CLIENT=@OLD_CHARACTER_SET_CLIENT */;
/*!40101 SET CHARACTER_SET_RESULTS=@OLD_CHARACTER_SET_RESULTS */;
/*!40101 SET COLLATION_CONNECTION=@OLD_COLLATION_CONNECTION */;
